LocalAuthorityType,LocalAuthorityCode,LocalAuthorityName,LocalAuthorityHPNumber,LocalAuthorityLongName,LocalAuthorityDistrict
עירייה,2710,אום אל-פחם,500227103,עריית אום אל-פחם,חיפה
עירייה,31,אופקים,500200316,עריית אופקים,הדרום
עירייה,2400,אור יהודה,500224001,עריית אור יהודה,תל אביב
עירייה,1020,אור עקיבא,500210208,עריית אור עקיבא,חיפה
עירייה,2600,אילת,500226006,עריית אילת,הדרום
עירייה,2720,טירה,500227202,עריית טירה,המרכז
עירייה,1309,אלעד,500213095,עריית אלעד,המרכז
עירייה,3570,אריאל,500235700,עריית אריאל,אזור יהודה והשומרון
עירייה,70,אשדוד,500200704,עריית אשדוד,הדרום
עירייה,7100,אשקלון,500271002,עריית אשקלון,הדרום
עירייה,6000,באקה אל-גרביה,500260005,עריית באקה אל-גרביה,חיפה
עירייה,9000,באר שבע,500290002,עריית באר שבע,הדרום
עירייה,2610,בית שמש,500226105,עריית בית שמש,ירושלים
עירייה,9200,בית שאן,500292008,עריית בית שאן,הצפון
עירייה,3780,ביתר עילית,500237805,עריית ביתר עילית,אזור יהודה והשומרון
עירייה,6100,בני ברק,500261003,עריית בני ברק,תל אביב
עירייה,6200,בת ים,500262001,עריית בת ים,תל אביב
עירייה,681,גבעת שמואל,500206818,עריית גבעת שמואל,המרכז
עירייה,6300,גבעתיים,500263009,עריית גבעתיים,תל אביב
עירייה,2200,דימונה,500222005,עריית דימונה,הדרום
עירייה,9700,הוד השרון,500297007,עריית הוד השרון,המרכז
עירייה,6400,הרצלייה,500264007,עריית הרצלייה,תל אביב
עירייה,6500,חדרה,500265004,עריית חדרה,חיפה
עירייה,6600,חולון,500266002,עריית חולון,תל אביב
עירייה,4000,חיפה,500240007,עריית חיפה,חיפה
עירייה,6700,טבריה,500267000,עריית טבריה,הצפון
עירייה,2730,טייבה,500227301,עריית טייבה,המרכז
עירייה,2100,טירת כרמל,500221007,עריית טירת כרמל,חיפה
עירייה,8900,טמרה,500289004,עריית טמרה,הצפון
עירייה,2660,יבנה,500226600,עריית יבנה,המרכז
עירייה,9400,יהוד-מונוסון,500213574,עריית יהוד-מונוסון,המרכז
עירייה,240,יקנעם עילית,500202403,עריית יקנעם עילית,הצפון
עירייה,3000,ירושלים,500230008,עריית ירושלים,ירושלים
עירייה,168,כפר יונה,500201686,עריית כפר יונה,המרכז
עירייה,6900,כפר סבא,500269006,עריית כפר סבא,המרכז
עירייה,634,כפר קאסם,500206347,עריית כפר קאסם,המרכז
עירייה,1139,כרמיאל,500211396,עריית כרמיאל,הצפון
עירייה,7000,לוד,500270004,עריית לוד,המרכז
עירייה,874,מגדל העמק,500208749,עריית מגדל העמק,הצפון
עירייה,1200,מודיעין-מכבים-רעות,500213517,עריית מודיעין-מכבים-רעות,המרכז
עירייה,3797,מודיעין עילית,500237979,עריית מודיעין עילית,אזור יהודה והשומרון
עירייה,3616,מעלה אדומים,500236161,עריית מעלה אדומים,אזור יהודה והשומרון
עירייה,1063,מעלות-תרשיחא,500210638,עריית מעלות-תרשיחא,הצפון
עירייה,9100,נהרייה,500291000,עריית נהרייה,הצפון
עירייה,7200,נס ציונה,500272000,עריית נס ציונה,המרכז
עירייה,7300,נצרת,500273008,עריית נצרת,הצפון
עירייה,1061,נוף הגליל,500210612,עריית נוף הגליל,הצפון
עירייה,2500,נשר,500225008,עריית נשר,חיפה
עירייה,246,נתיבות,500202460,עריית נתיבות,הדרום
עירייה,7400,נתניה,500274006,עריית נתניה,המרכז
עירייה,7500,סח'נין,500275003,עריית סח'נין,הצפון
עירייה,7700,עפולה,500277009,עריית עפולה,הצפון
עירייה,531,עראבה,500205315,עריית עראבה,הצפון
עירייה,2560,ערד,500225602,עריית ערד,הדרום
עירייה,7900,פתח תקווה,500279005,עריית פתח תקווה,המרכז
עירייה,8000,צפת,500280003,עריית צפת,הצפון
עירייה,638,קלנסווה,500206388,עריית קלנסווה,המרכז
עירייה,2620,קריית אונו,500226204,עריית קריית אונו,תל אביב
עירייה,6800,קריית אתא,500268008,עריית קריית אתא,חיפה
עירייה,9500,קריית ביאליק,500295001,עריית קריית ביאליק,חיפה
עירייה,2630,קריית גת,500226303,עריית קריית גת,הדרום
עירייה,9600,קריית ים,500296009,עריית קריית ים,חיפה
עירייה,8200,קריית מוצקין,500282009,עריית קריית מוצקין,חיפה
עירייה,1034,קריית מלאכי,500210349,עריית קריית מלאכי,הדרום
עירייה,2800,קריית שמונה,500228002,עריית קריית שמונה,הצפון
עירייה,2640,ראש העין,500226402,עריית ראש העין,המרכז
עירייה,8300,ראשון לציון,500283007,עריית ראשון לציון,המרכז
עירייה,1161,רהט,500211610,עריית רהט,הדרום
עירייה,8400,רחובות,500284005,עריית רחובות,המרכז
עירייה,8500,רמלה,500285002,עריית רמלה,המרכז
עירייה,8600,רמת גן,500286000,עריית רמת גן,תל אביב
עירייה,2650,רמת השרון,500226501,עריית רמת השרון,תל אביב
עירייה,8700,רעננה,500287008,עריית רעננה,המרכז
עירייה,1031,שדרות,500210315,עריית שדרות,הדרום
עירייה,8800,שפרעם,500288006,עריית שפרעם,הצפון
עירייה,5000,תל אביב -יפו,500250006,עריית תל אביב -יפו,תל אביב
עירייה,2530,באר יעקב,500225305,עריית באר יעקב,המרכז
עירייה,229,גני תקווה,500202296,עריית גני תקווה,המרכז
עירייה,1247,חריש,500212477,עריית חריש,חיפה
עירייה,654,כפר קרע,500206545,עריית כפר קרע,חיפה
עירייה,481,מגאר,500204813,עריית מגאר,הצפון
עירייה,7600,עכו,500276001,עריית עכו,אזור יהודה והשומרון
מועצה מקומית,4502,עין קנייא,500245022,עריית עין קנייא,הצפון
מועצה מקומית,472,אבו גוש,500204722,מועצה מקומית  אבו גוש,ירושלים
מועצה מקומית,473,אבו סנאן,500204730,מועצה מקומית  אבו סנאן,הצפון
מועצה מקומית,182,אבן יהודה,500201827,מועצה מקומית  אבן יהודה,המרכז
מועצה מקומית,3760,אורנית,500237607,מועצה מקומית  אורנית,אזור יהודה והשומרון
מועצה מקומית,565,אזור,500205653,מועצה מקומית  אזור,תל אביב
מועצה מקומית,478,אכסאל,500204789,מועצה מקומית  אכסאל,הצפון
מועצה מקומית,529,אעבלין,500205299,מועצה מקומית  אעבלין,הצפון
מועצה מקומית,4501,ע'ג'ר,500245014,מועצה מקומית  ע'ג'ר,הצפון
מועצה מקומית,41,אליכין,500200415,מועצה מקומית  אליכין,המרכז
מועצה מקומית,3750,אלפי מנשה,500237508,מועצה מקומית  אלפי מנשה,אזור יהודה והשומרון
מועצה מקומית,3560,אלקנה,500235601,מועצה מקומית  אלקנה,אזור יהודה והשומרון
מועצה מקומית,3650,אפרת,500236500,מועצה מקומית  אפרת,אזור יהודה והשומרון
מועצה מקומית,482,בועיינה-נוג'ידאת,500204821,מועצה מקומית  בועיינה-נוג'ידאת,הצפון
מועצה מקומית,4001,בוקעאתא,500240015,מועצה מקומית  בוקעאתא,הצפון
מועצה מקומית,483,בענה,500204839,מועצה מקומית  בענה,הצפון
מועצה מקומית,998,ביר אל-מכסור,500209986,מועצה מקומית  ביר אל-מכסור,הצפון
מועצה מקומית,480,בית ג'ן,500204805,מועצה מקומית  בית ג'ן,הצפון
מועצה מקומית,3574,בית אל,500235742,מועצה מקומית  בית אל,אזור יהודה והשומרון
מועצה מקומית,3652,בית אריה-עופרים,500236526,מועצה מקומית  בית אריה-עופרים,אזור יהודה והשומרון
מועצה מקומית,466,בית דגן,500204664,מועצה מקומית  בית דגן,המרכז
מועצה מקומית,1066,"בני עי""ש",500210661,"מועצה מקומית  בני עי""ש",המרכז
מועצה מקומית,9800,בנימינה-גבעת עדה,500213525,מועצה מקומית  בנימינה-גבעת עדה,חיפה
מועצה מקומית,1326,"בסמ""ה",500213269,"מועצה מקומית  בסמ""ה",חיפה
מועצה מקומית,944,בסמת טבעון,500209440,מועצה מקומית  בסמת טבעון,הצפון
מועצה מקומית,1292,ג'דיידה-מכר,500212923,מועצה מקומית  ג'דיידה-מכר,הצפון
מועצה מקומית,485,ג'ולס,500204854,מועצה מקומית  ג'ולס,הצפון
מועצה מקומית,541,ג'סר א-זרקא,500205414,מועצה מקומית  ג'סר א-זרקא,חיפה
מועצה מקומית,627,ג'לג'וליה,500206271,מועצה מקומית  ג'לג'וליה,המרכז
מועצה מקומית,628,ג'ת,500206289,מועצה מקומית  ג'ת,חיפה
מועצה מקומית,3730,גבעת זאב,500237300,מועצה מקומית  גבעת זאב,אזור יהודה והשומרון
מועצה מקומית,2550,גדרה,500225503,מועצה מקומית  גדרה,המרכז
מועצה מקומית,487,ג'ש (גוש חלב),500204870,מועצה מקומית  ג'ש (גוש חלב),הצפון
מועצה מקומית,166,גן יבנה,500201660,מועצה מקומית  גן יבנה,המרכז
מועצה מקומית,489,דבורייה,500204896,מועצה מקומית  דבורייה,הצפון
מועצה מקומית,492,דייר חנא,500204920,מועצה מקומית  דייר חנא,הצפון
מועצה מקומית,490,דייר אל-אסד,500204904,מועצה מקומית  דייר אל-אסד,הצפון
מועצה מקומית,494,דאלית אל-כרמל,500204946,מועצה מקומית  דאלית אל-כרמל,חיפה
מועצה מקומית,3769,הר אדר,500237698,מועצה מקומית  הר אדר,אזור יהודה והשומרון
מועצה מקומית,9300,זכרון יעקב,500293006,מועצה מקומית  זכרון יעקב,חיפה
מועצה מקומית,1290,זמר,500212907,מועצה מקומית  זמר,המרכז
מועצה מקומית,975,זרזיר,500209754,מועצה מקומית  זרזיר,הצפון
מועצה מקומית,1303,חורה,500213038,מועצה מקומית  חורה,הדרום
מועצה מקומית,496,חורפיש,500204961,מועצה מקומית  חורפיש,הצפון
מועצה מקומית,2034,חצור הגלילית,500220348,מועצה מקומית  חצור הגלילית,הצפון
מועצה מקומית,962,טובא-זנגרייה,500209622,מועצה מקומית  טובא-זנגרייה,הצפון
מועצה מקומית,498,טורעאן,500204987,מועצה מקומית  טורעאן,הצפון
מועצה מקומית,46,יבנאל,500200464,מועצה מקומית  יבנאל,הצפון
מועצה מקומית,1295,יאנוח-ג'ת,500212956,מועצה מקומית  יאנוח-ג'ת,הצפון
מועצה מקומית,29,יסוד המעלה,500200290,מועצה מקומית  יסוד המעלה,הצפון
מועצה מקומית,499,יפיע,500204995,מועצה מקומית  יפיע,הצפון
מועצה מקומית,831,ירוחם,500208319,מועצה מקומית  ירוחם,הדרום
מועצה מקומית,502,ירכא,500205026,מועצה מקומית  ירכא,הצפון
מועצה מקומית,504,כאבול,500205042,מועצה מקומית  כאבול,הצפון
מועצה מקומית,505,כאוכב אבו אל-היג'א,500205059,מועצה מקומית  כאוכב אבו אל-היג'א,הצפון
מועצה מקומית,1224,כוכב יאיר,500212246,מועצה מקומית  כוכב יאיר,המרכז
מועצה מקומית,1059,כסיפה,500210596,מועצה מקומית  כסיפה,הדרום
מועצה מקומית,1296,כסרא-סמיע,500212964,מועצה מקומית  כסרא-סמיע,הצפון
מועצה מקומית,978,כעביה-טבאש-חג'אג'רה,500209788,מועצה מקומית  כעביה-טבאש-חג'אג'רה,הצפון
מועצה מקומית,633,כפר ברא,500206339,מועצה מקומית  כפר ברא,המרכז
מועצה מקומית,509,כפר כנא,500205091,מועצה מקומית  כפר כנא,הצפון
מועצה מקומית,1263,כפר ורדים,500212634,מועצה מקומית  כפר ורדים,הצפון
מועצה מקומית,507,כפר יאסיף,500205075,מועצה מקומית  כפר יאסיף,הצפון
מועצה מקומית,510,כפר מנדא,500205109,מועצה מקומית  כפר מנדא,הצפון
מועצה מקומית,508,כפר כמא,500205083,מועצה מקומית  כפר כמא,הצפון
מועצה מקומית,267,כפר שמריהו,500202676,מועצה מקומית  כפר שמריהו,תל אביב
מועצה מקומית,47,כפר תבור,500200472,מועצה מקומית  כפר תבור,הצפון
מועצה מקומית,1271,להבים,500212717,מועצה מקומית  להבים,הדרום
מועצה מקומית,1060,לקיה,500210604,מועצה מקומית  לקיה,הדרום
מועצה מקומית,1015,מבשרת ציון,500210158,מועצה מקומית  מבשרת ציון,ירושלים
מועצה מקומית,516,מג'ד אל-כרום,500205166,מועצה מקומית  מג'ד אל-כרום,הצפון
מועצה מקומית,4201,מג'דל שמס,500242011,מועצה מקומית  מג'דל שמס,הצפון
מועצה מקומית,65,מגדל,500200654,מועצה מקומית  מגדל,הצפון
מועצה מקומית,28,מזכרת בתיה,500200282,מועצה מקומית  מזכרת בתיה,המרכז
מועצה מקומית,517,מזרעה,500205174,מועצה מקומית  מזרעה,הצפון
מועצה מקומית,43,מטולה,500200431,מועצה מקומית  מטולה,הצפון
מועצה מקומית,1268,מיתר,500212683,מועצה מקומית  מיתר,הדרום
מועצה מקומית,4203,מסעדה,500242037,מועצה מקומית  מסעדה,הצפון
מועצה מקומית,518,מעיליא,500205182,מועצה מקומית  מעיליא,הצפון
מועצה מקומית,3608,מעלה אפרים,500236088,מועצה מקומית  מעלה אפרים,אזור יהודה והשומרון
מועצה מקומית,1327,מעלה עירון,500213277,מועצה מקומית  מעלה עירון,חיפה
מועצה מקומית,99,מצפה רמון,500200993,מועצה מקומית  מצפה רמון,הדרום
מועצה מקומית,520,משהד,500205208,מועצה מקומית  משהד,הצפון
מועצה מקומית,522,נחף,500205224,מועצה מקומית  נחף,הצפון
מועצה מקומית,525,סאג'ור,500205257,מועצה מקומית  סאג'ור,הצפון
מועצה מקומית,587,סביון,500205877,מועצה מקומית  סביון,המרכז
מועצה מקומית,666,עומר,500206669,מועצה מקומית  עומר,הדרום
מועצה מקומית,534,עספיא,500205349,מועצה מקומית  עספיא,חיפה
מועצה מקומית,530,עיילבון,500205307,מועצה מקומית  עיילבון,הצפון
מועצה מקומית,511,עילוט,500205117,מועצה מקומית  עילוט,הצפון
מועצה מקומית,3660,עמנואל,500236609,מועצה מקומית  עמנואל,הצפון
מועצה מקומית,532,עין מאהל,500205323,מועצה מקומית  עין מאהל,הצפון
מועצה מקומית,637,ערערה,500206370,מועצה מקומית  ערערה,חיפה
מועצה מקומית,1192,ערערה-בנגב,500211925,מועצה מקומית  ערערה-בנגב,הדרום
מועצה מקומית,537,פוריידיס,500205372,מועצה מקומית  פוריידיס,חיפה
מועצה מקומית,535,פסוטה,500205356,מועצה מקומית  פסוטה,הצפון
מועצה מקומית,536,פקיעין (בוקייעה),500205364,מועצה מקומית  פקיעין (בוקייעה),הצפון
מועצה מקומית,7800,פרדס חנה-כרכור,500278007,מועצה מקומית  פרדס חנה-כרכור,חיפה
מועצה מקומית,171,פרדסייה,500201710,מועצה מקומית  פרדסייה,המרכז
מועצה מקומית,3557,קדומים,500235577,מועצה מקומית  קדומים,אזור יהודה והשומרון
מועצה מקומית,195,קדימה-צורן,500201959,מועצה מקומית  קדימה-צורן,המרכז
מועצה מקומית,4100,קצרין,500241005,מועצה מקומית  קצרין,הצפון
מועצה מקומית,3611,קריית ארבע,500236112,מועצה מקומית  קריית ארבע,אזור יהודה והשומרון
מועצה מקומית,2300,קריית טבעון,500223003,מועצה מקומית  קריית טבעון,חיפה
מועצה מקומית,1137,קריית יערים,500211370,מועצה מקומית  קריית יערים,ירושלים
מועצה מקומית,469,קריית עקרון,500204698,מועצה מקומית  קריית עקרון,המרכז
מועצה מקומית,3640,קרני שומרון,500236401,מועצה מקומית  קרני שומרון,אזור יהודה והשומרון
מועצה מקומית,543,ראמה,500205430,מועצה מקומית  ראמה,הצפון
מועצה מקומית,26,ראש פינה,500200266,מועצה מקומית  ראש פינה,הצפון
מועצה מקומית,542,ריינה,500205422,מועצה מקומית  ריינה,הצפון
מועצה מקומית,922,רכסים,500209226,מועצה מקומית  רכסים,חיפה
מועצה מקומית,122,רמת ישי,500201223,מועצה מקומית  רמת ישי,הצפון
מועצה מקומית,913,שבלי - אום אל-גנם,500209135,מועצה מקומית  שבלי - אום אל-גנם,הצפון
מועצה מקומית,1286,שגב-שלום,500212865,מועצה מקומית  שגב-שלום,הדרום
מועצה מקומית,1304,שוהם,500213046,מועצה מקומית  שוהם,המרכז
מועצה מקומית,812,שלומי,500208129,מועצה מקומית  שלומי,הצפון
מועצה מקומית,538,שעב,500205380,מועצה מקומית  שעב,הצפון
מועצה מקומית,154,תל מונד,500201546,מועצה מקומית  תל מונד,המרכז
מועצה מקומית,1054,תל שבע,500210547,מועצה מקומית  תל שבע,הדרום
מועצה מקומית,1722,מגדל תפן,500217229,מועצה מקומית  מגדל תפן,
מועצה מקומית,1770,נאות חובב,500217708,מועצה מקומית  נאות חובב,הדרום
מועצה מקומית,1113,צור הדסה,500211131,מועצה מקומית  צור הדסה,אזור יהודה והשומרון
מועצה מקומית,3826,שער שומרון,500238266,מועצה מקומית  שער שומרון,אזור יהודה והשומרון
מועצה אזורית,5565,אל-בטוף,500225651,מועצה אזורית  אל-בטוף,הצפון
מועצה אזורית,5569,אל קסום,500262696,מועצה אזורית  אל קסום,הדרום
מועצה אזורית,5545,אלונה,500232459,מועצה אזורית  אלונה,חיפה
מועצה אזורית,5538,אשכול,500262381,מועצה אזורית  אשכול,הדרום
מועצה אזורית,5533,באר טוביה,500261334,מועצה אזורית  באר טוביה,הדרום
מועצה אזורית,5566,בוסתן אל-מרג',500225669,מועצה אזורית  בוסתן אל-מרג',הצפון
מועצה אזורית,5541,בני שמעון,500262415,מועצה אזורית  בני שמעון,הדרום
מועצה אזורית,5528,ברנר,500244280,מועצה אזורית  ברנר,המרכז
מועצה אזורית,5532,גדרות,500244322,מועצה אזורית  גדרות,המרכז
מועצה אזורית,5571,גולן,500229711,מועצה אזורית  גולן,הצפון
מועצה אזורית,5576,גוש עציון,500276761,מועצה אזורית  גוש עציון,אזור יהודה והשומרון
מועצה אזורית,5530,גזר,500243308,מועצה אזורית  גזר,המרכז
מועצה אזורית,5527,גן רווה,500244272,מועצה אזורית  גן רווה,המרכז
מועצה אזורית,5520,דרום השרון,500242201,מועצה אזורית  דרום השרון,המרכז
מועצה אזורית,5508,הגלבוע,500223086,מועצה אזורית  הגלבוע,הצפון
מועצה אזורית,5501,הגליל העליון,500221015,מועצה אזורית  הגליל העליון,הצפון
מועצה אזורית,5503,הגליל התחתון,500222039,מועצה אזורית  הגליל התחתון,הצפון
מועצה אזורית,5554,הערבה התיכונה,500262548,מועצה אזורית  הערבה התיכונה,הדרום
מועצה אזורית,5578,הר חברון,500277785,מועצה אזורית  הר חברון,אזור יהודה והשומרון
מועצה אזורית,5512,זבולון,500231121,מועצה אזורית  זבולון,חיפה
מועצה אזורית,5553,חבל אילות,500262530,מועצה אזורית  חבל אילות,הדרום
מועצה אזורית,5529,חבל יבנה,500244298,מועצה אזורית  חבל יבנה,המרכז
מועצה אזורית,5525,חבל מודיעין,500242250,מועצה אזורית  חבל מודיעין,המרכז
מועצה אזורית,5536,חוף אשקלון,500261367,מועצה אזורית  חוף אשקלון,הדרום
מועצה אזורית,5515,חוף הכרמל,500232152,מועצה אזורית  חוף הכרמל,חיפה
מועצה אזורית,5519,חוף השרון,500241195,מועצה אזורית  חוף השרון,המרכז
מועצה אזורית,5535,יואב,500261359,מועצה אזורית  יואב,הדרום
מועצה אזורית,5518,לב השרון,500241187,מועצה אזורית  לב השרון,המרכז
מועצה אזורית,5550,לכיש,500261508,מועצה אזורית  לכיש,הדרום
מועצה אזורית,5555,מבואות החרמון,500221551,מועצה אזורית  מבואות החרמון,הצפון
מועצה אזורית,5513,מגידו,500223136,מועצה אזורית  מגידו,הצפון
מועצה אזורית,5574,מגילות ים המלח,500275748,מועצה אזורית  מגילות ים המלח,אזור יהודה והשומרון
מועצה אזורית,5504,מטה אשר,500224043,מועצה אזורית  מטה אשר,הצפון
מועצה אזורית,5573,מטה בנימין,500274733,מועצה אזורית  מטה בנימין,אזור יהודה והשומרון
מועצה אזורית,5526,מטה יהודה,500210265,מועצה אזורית  מטה יהודה,ירושלים
מועצה אזורית,5514,מנשה,500232145,מועצה אזורית  מנשה,חיפה
מועצה אזורית,5552,מעלה יוסף,500262522,מועצה אזורית  מעלה יוסף,הצפון
מועצה אזורית,5502,מרום הגליל,500221023,מועצה אזורית  מרום הגליל,הצפון
מועצה אזורית,5542,מרחבים,500262423,מועצה אזורית  מרחבים,הדרום
מועצה אזורית,5556,משגב,500224563,מועצה אזורית  משגב,הצפון
מועצה אזורית,5568,נווה מדבר,500262688,מועצה אזורית  נווה מדבר,הדרום
מועצה אזורית,5531,נחל שורק,500244314,מועצה אזורית  נחל שורק,המרכז
מועצה אזורית,5506,עמק הירדן,500222062,מועצה אזורית  עמק הירדן,הצפון
מועצה אזורית,5507,עמק המעיינות,500223078,מועצה אזורית  עמק המעיינות,הצפון
מועצה אזורית,5516,עמק חפר,500241161,מועצה אזורית  עמק חפר,המרכז
מועצה אזורית,5509,עמק יזרעאל,500223094,מועצה אזורית  עמק יזרעאל,הצפון
מועצה אזורית,5575,ערבות הירדן,500275755,מועצה אזורית  ערבות הירדן,אזור יהודה והשומרון
מועצה אזורית,5548,רמת נגב,500262480,מועצה אזורית  רמת נגב,הדרום
מועצה אזורית,5540,שדות דן,500243407,מועצה אזורית  שדות דן,המרכז
מועצה אזורית,5539,שדות נגב,500262399,מועצה אזורית  שדות נגב,הדרום
מועצה אזורית,5572,שומרון,500273727,מועצה אזורית  שומרון,אזור יהודה והשומרון
מועצה אזורית,5537,שער הנגב,500261375,מועצה אזורית  שער הנגב,הדרום
מועצה אזורית,5534,שפיר,500261342,מועצה אזורית  שפיר,הדרום
מועצה אזורית,5551,תמר,500262514,מועצה אזורית  תמר,הדרום
