"branch_id","society_name","approved_amount"
201," האגודה הישראלית לגלישה אוירית",0
113,"""מכבי רמת יצחק"" ברמת גן",0
167,".I-S.K.I.F חדרה - העמותה לאמנויות לחימה",0
98,"500 וואט עמקים עמותה למצויינות וקידום ספורט האופניים בעמק",0
131,"502300400",25953.103629438392
154,"510623721 | קאנטרי ג' תל אביב",0
99,"512390683 | עוצמה האתלט ראשל""צ",32659.772967269506
169,"580055937 | מועדון ישראלי לרצים איילות",22470.013395296468
160,"580233245 | הפועל חיפה - הר הכרמל",29129.51104032404
160,"580235869 | איילות תל אביב",58259.39668855755
169,"580235869 | איילות תל אביב",86509.55157189141
99,"580314581 | מועדון התעופה - הפועל מופת בת ים",32659.772967269506
169,"580329290 | איילות רוכבי אופניים (ע""ר)",11235.006697648234
130,"580353076 | הפועל ערד",0
160,"580416824 | ע.ל.ה רעננה",29129.885648233514
169,"580475093 | ילדי אילת",14605.508706942705
142,"580694891 | עמותת לקרוס אשקלון",0
142,"580695948 | עמותת לקרוס באר טוביה",0
154,"A.B.M",11668.098597167056
176,"Eilat Swimming",6238.158756424873
175,"International",0
101,"M-A-CLUB",0
175,"RY Ranch",0
176,"TLV Nemos",0
176,"TLV SWIM",12840.654420276269
101,"Team saka",0
106,"U18",0
98,"hapo-el",0
156,"life line",434504.80396343337
111,"salty group",61259.907548547904
101,"teamgordon",0
137,"א.כ. נס ציונה",245294.27042080433
99,"א.ל אומנויות לחימה",1675.5960432916181
138,"א.ס נווה מונוסון",0
138,"א.ס רמה""ש ירק השדה",511612.07578868483
138,"א.ס. אשקלון",154369.10517547044
139,"א.ס. הפועל עומר",27445.490337739488
121,"א.ס. רמת השרון",132950.4136816535
137,"א.ס. רמת-השרון",229931.37248213182
121,"א.ס.א אוניברסיטת תל אביב",24315.68762049713
138,"א.ס.סביון",58441.840965092066
121,"א.ק.ט.י - אגודת קופצי טרמפולינה ישראלית",0
108,"אביבים",27714.49734298524
140,"אגודת ב. פתח תקווה",3132.3393416873096
129,"אגודת הטניס בקרית ביאליק",16460.80915617511
167,"אגודת הפועל נתניה",0
136,"אגודת כדורגל המכתש גבעתיים",0
136,"אגודת ספורט אוניברסיטה בן גוריון",0
211,"אגודת ספורט אוניברסיטה בן גוריון",0
129,"אגודת ספורט אוניברסיטת בן גוריון בנגב",25515.09146618923
136,"אגודת ספורט אוניברסיטת תל-אביב",479429.9697809661
136,"אגודת ספורט אשדוד",136581.79371667054
129,"אגודת ספורט הפועל עומר",0
136,"אגודת ספורט חולון מור",0
129,"אגודת ספורט כפר ורדים",20976.730838003496
139,"אגודת ספורט כפר ורדים",9187.760713921372
136,"אגודת ספורט נורדיה ירושלים",163898.15246000467
136,"אגודת ספורט רמת אליהו",108707.95826428881
129,"אגודת ספורט רמת אליהו כדורגל מחלקת נוער",5484.145471665664
124,"אגודת קיאקים זבולון ת""א",17571.337088148815
109,"אדם בספורט",28555.929282731868
109,"אדם בספורט גודו בראשון לציון",3846.9127531141376
125,"אדמה רוח ואש",0
136,"אהלי טמרה",86966.36661143106
100,"אוהדי הספורט הקסמאוי",45135.021631923235
121,"אולימפיה מכבי מבואות חרמון",0
109,"אולימפיה מכבי קרית שמונה",0
149,"אומנויות לחימה - סמבו ספורט",0
99,"אומנויות לחימה-סמבו",0
130,"אופק קריית אונו",17288.589728855364
121,"אורות חיפה",11187.06540714887
125,"אחי יהודה",200743.9577511988
136,"אחי עכו",0
131,"אחים לחיים",0
98,"איגוד האופניים בישראל (ע""ר)",0
100,"איגוד האיגרוף בישראל",0
112,"איגוד הג'יו ג'יטסו",0
114,"איגוד הדמקה בישראל",0
200,"איגוד הורדת הידיים בישראל",0
131,"איגוד הטריאתלון",0
135,"איגוד הכדורמים",0
187,"איגוד הכדורסל בישראל",0
197,"איגוד הכדורשת הישראלי",0
168,"איגוד הקראטה המסורתי",0
129,"איגוד ספורטיבי אליצור כוכב יאיר",0
98,"איגוד רוכבי האופניים בתל אביב (ע""ר)",88135.82049647298
109,"איזי גודו הרצליה",0
136,"איחוד בני בקה",157208.43195143304
136,"איחוד בני כפר קרע",0
136,"איחוד בני מג'דל כרום",78804.90759097367
136,"איחוד בני שפרעם",197346.75500286277
136,"איחוד הפועל ביר אל מכסור",30103.742288572288
136,"איחוד צעירי אבו גוש",0
136,"איחוד צעירי איכסל סמיר",0
131,"איילות רוכבי אופניים",37667.5543998486
98,"איילות רוכבי אופניים (ע""ר)",85335.55438227541
104,"איילות תל אביב",0
119,"אייס דרים נס ציונה ",52071.20202650319
119,"אייס חולון ",52071.20202650319
119,"אייס סיטי באר שבע ",0
128,"אייקליימב כולנו יכולים",0
170,"איל""ן",6435.638076583958
192,"איל""ן",656535
193,"איל""ן",222949.27383623144
128,"אימונים טיפוס עצמה",0
138,"אינטר עליה ת""א יפו",0
107,"איספא - איגוד ישראלי לספורט ביליארד",0
109,"איפון לקידום הגודו בשרון",86916.55491112958
167,"אל-נאדי אל-אורתודוקסי - עמותת ספורט בנצרת (ע""ר)",12932.401600882627
109,"אלוף הגודו בבאר שבע",0
121,"אלופה",0
145,"אלחמסה - כפר מאגר",0
121,"אליצור אלקנה",3373.0032259424015
136,"אליצור בית אל",0
138,"אליצור בית אל",30283.49940918407
109,"אליצור בית שמש",0
121,"אליצור בית שמש",0
138,"אליצור בית שמש",39138.32379783438
138,"אליצור ג.עציון/אפרת",196183.55367743026
138,"אליצור גבעת שמואל",60261.99931164796
138,"אליצור הר חברון",114714.24995496478
121,"אליצור חבל יבנה",0
138,"אליצור חבל יבנה",108865.14651157301
138,"אליצור חולון",324676.8942505114
138,"אליצור טירת הכרמל",0
138,"אליצור יבנה",205382.7323478614
136,"אליצור יהוד יוטל",0
136,"אליצור יפו תל אביב",40472.8090768583
138,"אליצור ירושלים",114463.36326395306
177,"אליצור ירושלים",0
138,"אליצור כ. יאיר יובל",55342.65242906446
121,"אליצור כוכב יאיר",0
139,"אליצור כוכב יאיר",79862.84312870116
139,"אליצור כפר סבא",0
139,"אליצור כרמיאל",115200.38433609105
104,"אליצור לוד",0
121,"אליצור לוד",0
138,"אליצור לוד",81808.73865736372
121,"אליצור מ.א שומרון",0
130,"אליצור מ.א. שומרון",0
177,"אליצור מ.א. שומרון",7454.073155582585
138,"אליצור מודיעין",36895.1016193763
156,"אליצור מטה בינימין",17333.968243222076
138,"אליצור מטה בנימין",39994.29015540391
177,"אליצור מטה בנימין - חשמונאים",0
177,"אליצור מרכז שחמט צפון",7002.21799934727
138,"אליצור נוה דוד רמלה",400343.97084974725
121,"אליצור נחל שורק",0
138,"אליצור נחל שורק",10478.208859902868
138,"אליצור נתניה עירוני",282862.44574855163
139,"אליצור עירוני אשקלון",112373.38103949986
210,"אליצור עירוני אשקלון - חופים",0
138,"אליצור עירוני רעננה",80529.70846789201
138,"אליצור פתח תקוה",80628.09540554367
177,"אליצור פתח תקוה",8844.68045273127
121,"אליצור פתח תקווה",0
130,"אליצור קריית אתא",7717.929909124257
138,"אליצור קרית אתא לאטי",124853.02387996939
138,"אליצור ראשון לציון",0
121,"אליצור רחובות",0
138,"אליצור רחובות",44274.121943251565
138,"אליצור רמת גן",22137.060971625782
121,"אליצור רעננה",0
177,"אליצור רעננה",0
138,"אליצור שומרון חלפ",108865.14651157301
138,"אליצור שפיר",56572.48914971032
138,"אליצור תל אביב",187525.5031640833
100,"אלכופוף אלמאסיה - נצרת",0
98,"אלסדרה",0
150,"אלפא דאנס - ספורט אקדמי",33957.810195163314
163,"אלפארוק - העמותה לטיפוח וקידום ספורט",0
100,"אלפה - אשדוד פרוספריטי",52117.58246975388
98,"אלריאדה מן אג'ל בלדי שפרעם (ע""ר)",0
109,"אלרן",0
95,"אם.אם.אי חובבני בישראל",0
210,"אמ.פי ספורט חוף חיפה",0
156,"אנדרדוגס פוטבול",121337.77770255454
176,"אס רמת השרון",59858
136,"אס""א המכללה למנהל",0
128,"אס""א טכניון",0
211,"אס""א טכניון",0
104,"אס""א טכניון חיפה",12444.476816430404
98,"אס""א טכניון חיפה (ע""ר)",11483.741162324483
138,"אס""א ירושלים",398988.54825881793
139,"אס""א ירושלים",116849.46959243591
177,"אס""א ירושלים",3282.8660330565776
172,"אס""א תל אביב",237533.45219177217
177,"אס""א תל אביב",10896.779107851655
104,"אס. רמת השרון",22199.105957056156
137,"אסא אוניברסיטת ת""א",134937.45356134017
121,"אסא באר שבע",14330.538331471691
176,"אסא באר שבע",0
139,"אסא בן גוריון באר שבע",138523.1615329684
210,"אסא בן גוריון באר שבע חופים",0
137,"אסא טכניון חיפה",0
138,"אסא טכניון חיפה",6149.183603229384
120,"אסא תל אביב",70394.29532649116
135,"אסא תל אביב",427461.8922026903
176,"אסא תל אביב",0
106,"אפרת",61984.66927747002
105,"אקדמיה לבדמינטון אזור",0
177,"אקדמיית באקה אלגרבייה לשחמט",0
177,"אקדמיית דבוריה לשחמט",0
138,"אקדמיית וינגייט",0
109,"אקוואטלון ניצחון",0
121,"אקרובטיקס",0
121,"אקרוג'ים מודיעין",4900.119558503224
121,"אקרוספורט",0
111,"ארגון גולשי גלים בישראל",0
131,"ארגון נכי צה""ל",0
170,"ארגון נכי צה""ל",0
192,"ארגון נכי צה""ל",678492.6923076924
193,"ארגון נכי צה""ל",49238.76827308486
150,"ארט אור",0
149,"אריה לבן",34392.412731814096
109,"אריה לבן קרית אתא",0
109,"אריה לבן קרית ביאליק",25380.746679584583
121,"אריה לבן קרית ביאליק",0
164,"ארקוס אולימפי",0
157,"אשדוד",0
210,"אשדוד חופים AOV",0
98,"אשכולות",0
167,"אשקלון פאוור קראטה (ע""ר)",0
109,"אתגר בנגב",0
104,"אתלטי הנגב",68819.54587410248
104,"אתלטי הסמטה דרום ת""א-יפו",0
104,"אתלטי הקרן - פ""ת",0
104,"אתלטיק קלאב פתח תקוה",3807.1690180619753
104,"אתלטיקה גלילית",0
157,"ב. הלוחם י""ם",0
112,"בא רוח הלוחם",107086.6698223922
157,"באר יעקב",0
121,"בגין חולון",644652.3327098034
109,"בודוקאן",0
128,"בולדר מכבי חיפה",10762.81888637854
175,"בי""ס לרכיבה רנצ'ו מניס",136251.96064682666
108,"בית הברידג ב""ש",0
177,"בית הגפן - מרכז ערבי יהודי לשחמט",0
108,"בית הלוחם אפקה",704.885297304478
139,"בית הלוחם תל אביב",0
121,"בית הספר לספורט הישגי כרמיאל",8783.233170902004
167,"בית הספר לקאראטה שוטוקאן",0
192,"בית חינוך עיוורים",263492.30769230775
100,"בית ספר לאגרוף ולאמנויות לחימה כרמיאל - עכו",20444.434885540144
106,"בית שמש",50892.67582781748
136,"בית""ר אום אל פאחם",0
138,"בית""ר אחוזה פרגולנדשופ",14758.04064775052
138,"בית""ר אשדוד",178965.839588388
136,"בית""ר גדרה",82283.56225543092
136,"בית""ר גן יבנה",0
136,"בית""ר חיפה יעקב",147731.32789762327
136,"בית""ר טוברוק",132456.46606971807
136,"בית""ר יפו ציון",0
136,"בית""ר ירושלים",451556.1343285843
138,"בית""ר ירושלים",25088.66910117589
138,"בית""ר כפר יונה",196773.8753033403
136,"בית""ר כפר כנא",230795.3575457209
136,"בית""ר כפר סבא שלומי",136581.79371667057
136,"בית""ר מועצה איזורית מטה בנימין",15386.357169714725
136,"בית""ר נהריה",156093.4785333378
136,"בית""ר עזרא",0
136,"בית""ר עירוני מעלה אדומים",80834.12281190706
136,"בית""ר עירוני קרית גת דודו",147173.85118857565
136,"בית""ר פרדס חנה",32222.1537829533
136,"בית""ר פתח תקוה ""דדו""",114282.72535476516
136,"בית""ר קרית אתא כפיר",40472.8090768583
136,"בית""ר רמת גן",156093.4785333378
136,"בית""ר תל אביב",47385.520269048975
130,"בית''ר אשדוד",1683.2223116197888
130,"בית''ר באר שבע",6691.401372601204
130,"בית''ר ראשון לציון",17989.734797392764
130,"בית''ר רמלה",0
138,"ביתר ת""א/נוה אליעזר",31975.754736792795
136,"בנות הרצליה",0
136,"בנות נתניה",423682.2988762026
138,"בנות פתח תקווה",290241.46607242693
136,"בני אום אל פאחם",18463.62860365767
136,"בני אילת",309399.5735214375
136,"בני אלסלאם רהט",30103.742288572288
120,"בני בת ים",0
136,"בני ג'לג'וליה",0
136,"בני דבוריה",216925.33702461573
136,"בני דיר חנא",25086.451907143575
105,"בני הרצליה",2370.541692706155
113,"בני הרצליה",7595.765459271332
121,"בני הרצליה",35410.2979416365
130,"בני הרצליה",16519.28601037562
136,"בני הרצליה",0
137,"בני הרצליה",148917.69068553217
138,"בני הרצליה",440281.54599122383
172,"בני הרצליה",9629.73454831509
176,"בני הרצליה",43009.52760839941
178,"בני הרצליה",274958.00971748977
136,"בני טירה",0
136,"בני יהוד",65559.26098400187
138,"בני יהודה ת""א",318872.0649290629
136,"בני יהודה תל אביב",303824.80643096106
136,"בני יצ'אלאל רחובות",0
136,"בני ירוחם אלמוג דדון",0
136,"בני מג'אר",210447.45766548222
136,"בני סכנין",294347.70237715123
136,"בני רמלה",0
150,"בראבו",0
98,"ברטלי נוער בתנועה",0
108,"ברידג'פוינט פולג",4549.714191692539
149,"ג'ודוקאן מרכז אשדוד",0
121,"ג'ים חולון",0
121,"ג'ימנסיה עמק חפר",7396.406880759583
121,"ג'מנסיה מנשה - מועדון ספורט הפועל מנשה",8413.412826864025
121,"גבעת זאב",0
136,"גדנע תל אביב יהודה",108707.95826428881
109,"גודוגו האקדמיה הראשונה לגודו",54268.102291815514
101,"גולדן טניס נתניה",0
129,"גולדן ספורט נתניה",14963.763033528054
163,"גולדן ספורט נתניה",96689.62280865446
129,"גולדן רקט",22844.187030370376
110,"גולף קיסריה",0
167,"גיבור כארי - ישראל",0
121,"גילגולים כרמיאל",68324.30856101665
104,"גימנסיה לאתלטיקה קלה ראשון לציון (ע''ר)",0
106,"גינות",0
98,"גירז",0
120,"גל אולימפי אשדוד",70394.29532649116
111,"גל ים בחוף",112385.67610549316
120,"גרין ביץ' נתניה",70394.29532649116
175,"ג׳וקי קלאב",0
164,"דאבל אקשן - אולימפי",0
150,"דאנס אבניו - העמותה לקידום ופיתוח ספורט הריקוד",12033.028544617473
136,"דולפיני אשדוד",0
211,"דולפיני אשדוד",0
116,"דופמינו ג'ים עצמה אור יהודה",0
169,"דימונה איי קריקט",0
177,"דינמו פרדס חנה / כרכור",3166.0599382474484
109,"דינמיקה מכבי באר יעקוב",0
125,"דרך הטאקוונדו",0
129,"דרך הטניס",0
125,"דרקון הזהב אומנויות לחימה",3547.3776758656177
109,"ה.ל.ה.ב",342617.88644697005
109,"האגודה לגודו ים",6214.243678107454
163,"האיגוד הישראלי לטאיקוון-דו מסורתי ITF",0
218,"האיגוד הישראלי לטאיקוון-דו מסורתי ITF",0
201,"האיגוד הישראלי לצניחה חופשית",0
120,"האיגוד הישראלי לקטלבלס",7816.53775484589
177,"האקדמיה לשחמט של הכפר הירוק",0
108,"הגנה רעננה",0
118,"ההתאחדות הישראלית להוקי קרח",0
150,"ההתאחדות הישראלית לספורט הריקוד",0
160,"ההתאחדות הישראלית לענפי הפריסבי",0
125,"הווארנג טאקוונדו ירושלים",14198.090407608752
118,"הוקי מטולה",45656.81875775277
118,"הוקי נס ציונה",35120.62981365598
118,"הוקי פתח תקווה",28535.511723595482
118,"הוקי רולר ראשון לציון",103166.85007761444
129,"החברה לחינוך ופנאי בחבל מודיעין",0
148,"החברה לפיתוח גני תקוה בע""מ (חל""צ)",44695.21043480619
175,"החווה הירוקה בע""מ",0
130,"הישגי כרמיאל",51056.162962033486
136,"הכח גלי גיל רמת גן",0
136,"הכח מכבי עמידר רמת גן",147731.32789762327
125,"הכח תל אביב אומנויות לחימה וכושר",5689.003826225418
125,"הלגיון הצפוני",0
163,"הלוחם והרוח",132492.2486647877
129,"המועדון לספורט באוניברסיטת תל אביב - אס""א תל אביב",58361.355107936404
104,"המועדון לספורט באוניברסיטת תל אביב -אס""א תל אביב",0
170,"המרכז הקהילתי האזורי חוף אשקלון (ע""ר)",0
129,"המרכז לטניס בישראל",128432.8260275852
98,"המרכז לרכיבה - נקודת מפגש",0
175,"המרכז לרכיבה בנען",134543.47211207022
98,"המרכז לרכיבת אופניים ולחברה",53823.41146311006
104,"הסוללים ירושלים",2532.595042449923
129,"הספורט במכבי מוצקין",4268.423452603291
167,"העמותה המאוחדת לחינוך גופני וקראטה בירכא והסביבה",0
100,"העמותה לאיגרוף מקצועי נצרת",3302.562558433408
129,"העמותה לאימון טניס",0
129,"העמותה להפועל ברנר",0
201,"העמותה למצנחי רחיפה",0
100,"העמותה לספורט איגרוף ומחול חיפה",29796.45330497697
163,"העמותה לספורט ואומניות לחימה גלגוליה והמשולש",5961.485845513045
198,"העמותה לעידוד הספורטאי החירש באשדוד",
170,"העמותה לפיתוח הבריאות טמרה",0
139,"העמותה לפיתוח הכדורעף בירושלים",357380.3334107365
100,"העמותה לפיתוח הספורט ההישגי בת ים",4455.838372489518
172,"העמותה לפיתוח הרוגבי בירושלים והסביבה (ע""ר)",92445.45166382486
150,"העמותה לפיתוח ומיומנות הריקוד בישראל",0
150,"העמותה לפיתוח וקידום בתחום ריקודים סלונים ולאטינו אמריקאיים בחולון",5715.433405416272
150,"העמותה לפיתוח ענף ספורטיבי במחול, סדנאות וריקודים בבת ים",33957.810195163314
210,"העמותה לק.הס. בגבעתיים חופים",0
125,"העמותה לקידום הטאקוונדו- האריות (ע.ר)",6329.841728228305
129,"העמותה לקידום הטניס בבת ים",26637.03878405671
129,"העמותה לקידום הטניס בנצרת והסביבה",13714.55004975322
129,"העמותה לקידום הכדורסל ביבנה",0
139,"העמותה לקידום הכדורעף באשדוד",53006.311811084845
172,"העמותה לקידום הספורט באשקלון",0
104,"העמותה לקידום הספורט בגבעתיים",0
129,"העמותה לקידום הספורט בגבעתיים",0
139,"העמותה לקידום הספורט בגבעתיים",0
148,"העמותה לקידום הספורט בגבעתיים (ע""ר)",0
129,"העמותה לקידום הספורט בגליל התחתון",9116.910414026426
131,"העמותה לקידום הספורט בגליל עליון",0
104,"העמותה לקידום הספורט בחבל בני שמעון (ע""ר)",0
139,"העמותה לקידום הספורט ביואב",53713.062635232636
121,"העמותה לקידום הספורט בלהבים",0
129,"העמותה לקידום הספורט במטה אשר",8644.520356757148
98,"העמותה לקידום הספורט במטה אשר ע""ר",0
129,"העמותה לקידום הספורט במשגב",15294.988674534306
131,"העמותה לקידום הספורט במשגב",15320.85846828979
98,"העמותה לקידום הספורט במשגב (ע""ר)",76324.22483371204
100,"העמותה לקידום הספורט בנוף הגליל",7336.4068262342125
170,"העמותה לקידום הספורט בנוף הגליל",42394.0743211075
131,"העמותה לקידום הספורט בעמק חפר",39452.34375543707
113,"העמותה לקידום הספורט בק.גת- בני קריית גת",0
129,"העמותה לקידום הספורט בקריית גת-בני קריית גת",32239.74227080449
121,"העמותה לקידום הספורט בקרית מוצקין",78124.5476780231
113,"העמותה לקידום הספורט גבעתיים",5907.817579433258
139,"העמותה לקידום הספורט והפנאי באריאל",8481.009889773575
162,"העמותה לקידום הספורט והרווחה בכפר עין מאהל",0
172,"העמותה לקידום הספורט ותרבות הפנאי בגליל העליון",421587.21328525577
121,"העמותה לקידום הספורט נוף הגליל",0
148,"העמותה לקידום השחייה הוד השרון (ע""ר)",4520.495760356628
121,"העמותה לקידום התעמלות אומנותית כס",24500.597792516117
129,"העמותה לקידום טניס שדה בלוד",56443.66246850083
98,"העמותה לקידום ענף האופניים בצפון",0
167,"העמותה לקידום ענף הקראטה התחרותי בבאר שבע",10069.849015560401
101,"העמותה לקידום ענפי ספורט הזירה והלחימה בישראל",0
163,"העמותה לקידום ענפי ספורט טמרה",0
175,"העמותה לרכיבה וכלבנות טיפולית",0
129,"העמותה על שם אלדר ברניר (ע""ר)",0
109,"הפ. גודו קרית אונו",0
98,"הפועיל הראבה",0
177,"הפועל ""מופת"" בת-ים",0
176,"הפועל H2O כפר שמריהו",0
138,"הפועל אבו סנאן",182753.7366879773
176,"הפועל אולימפ נתניה",17082.634688339855
136,"הפועל אום אל פאחם",217415.91652857763
138,"הפועל אופקים",15717.313289854306
121,"הפועל אור יהודה",14515.44850349068
136,"הפועל אורנית עירוני",32110.658441143773
136,"הפועל אזור",52960.28735952532
138,"הפועל אזור",0
136,"הפועל אחוה חיפה",8362.150635714524
136,"הפועל איחוד אעבלין",189542.0810761959
136,"הפועל איחוד בני ג'ת",73921.4116197164
136,"הפועל איחוד בני סמיע",58535.05445000168
130,"הפועל אילת",0
176,"הפועל אילת",0
138,"הפועל אילת אברהמי",134298.16989452974
138,"הפועל אכסאל",108225.63141683716
136,"הפועל אלאתיחאד נצרת",30103.742288572288
138,"הפועל אעבלין",0
164,"הפועל אפרא מעברות",25459.035892593914
176,"הפועל אקווה נוף הגליל",0
109,"הפועל אקיגיצו",7989.7418718524395
138,"הפועל אריאל",14167.719021840501
138,"הפועל אריק נצר סרני",63951.5094735856
130,"הפועל ארנון רמת גן",3502.761923124279
121,"הפועל אשד גל אולימפי",0
105,"הפועל אשדוד",0
109,"הפועל אשדוד",0
116,"הפועל אשדוד",10608.958790328128
130,"הפועל אשדוד",3579.810831754762
137,"הפועל אשדוד",182050.34057326918
138,"הפועל אשדוד",0
138,"הפועל אשכול",42399.850780987246
139,"הפועל אשכול",39578.046152276685
176,"הפועל אשכול",0
130,"הפועל אשקלון",0
138,"הפועל אשקלון",241047.9972465918
164,"הפועל אשקלון",20179.224225431724
104,"הפועל אתלטי אורן כפר סבא",34381.21916941577
138,"הפועל ב""ש אלטשולר שח",473123.1057793513
121,"הפועל באר טוביה",0
130,"הפועל באר טוביה",1906.0714627356485
138,"הפועל באר טוביה",118802.22721439169
176,"הפועל באר טוביה",2665.87981043798
138,"הפועל באר יעקב",6149.183603229384
116,"הפועל באר שבע",0
136,"הפועל באר שבע",655035.1331309711
176,"הפועל באר שבע",2282.1546862082705
136,"הפועל בארי אשכול",54353.97913214441
136,"הפועל בועיינה",125432.25953571788
138,"הפועל בועינה נוג'ידת",0
130,"הפועל ביחד עברון מזרעה",0
138,"הפועל בינימינה/ג.עדה",67050.6980096132
138,"הפועל ביר אלמכסור",0
176,"הפועל בית איל",0
136,"הפועל בית אליעזר גרשון",75259.35572143072
116,"הפועל בית דני",5542.882963486044
135,"הפועל בית יצחק",164834.11837289896
136,"הפועל בית שאן מסילות",36235.98608809627
121,"הפועל בית שמש",0
176,"הפועל בית שמש",48263.08808816919
138,"הפועל בן משגב",86334.53778934054
136,"הפועל בנות אעבלין",212956.10285619658
136,"הפועל בנות מג'דל כרום",122644.8759904797
136,"הפועל בנות נחף",225164.8427843398
136,"הפועל בנות סכנין",240829.9383085783
136,"הפועל בנות עראבה",278738.3545238175
136,"הפועל בנות ערערה עארה",179507.50031333847
136,"הפועל בנות שפרעם",220760.77678286348
136,"הפועל בני בענה",249749.56565334048
109,"הפועל בני ברק",0
136,"הפועל בני ג'סר א זרקא",0
136,"הפועל בני דיר אל אסד",181246.82764556707
136,"הפועל בני זלפה",53517.76406857296
136,"הפועל בני חורפיש",0
136,"הפועל בני כסייפה",45991.82849642989
136,"הפועל בני מוסמוס",43483.18330571553
136,"הפועל בני מזרעה",0
105,"הפועל בני עייש",0
109,"הפועל בני עייש",0
136,"הפועל בני פרדיס מ. עבדאלעאל",0
121,"הפועל בני שמעון",0
139,"הפועל בני שמעון",93997.85961165713
121,"הפועל בנימינה - גבעת עדה",0
136,"הפועל בקעת הירדן",79719.16939381181
138,"הפועל בקעת הירדן",4796.363210518919
121,"הפועל ברנר",0
136,"הפועל ברנר",33448.6025428581
138,"הפועל ברנר",91007.91732779489
109,"הפועל בת ים",9173.407334349098
130,"הפועל בת ים",0
176,"הפועל בת ים",207787.55869157097
149,"הפועל בת-ים",63766.740874516516
121,"הפועל ג'ימנסטיק תל אביב יפו",13775.807815414722
139,"הפועל ג'לג'וליה",40049.21336837522
176,"הפועל ג'מים אילת",4506.387074717025
129,"הפועל ג'מנסטיק ת""א יפו",0
138,"הפועל ג'סר אלזרקא",0
135,"הפועל גבעת חיים",364893.06204192434
164,"הפועל גבעת נשר",43036.43258172117
121,"הפועל גבעת שמואל",5454.850074560192
138,"הפועל גבעתיים אלון",91647.43242253075
130,"הפועל גדידה-מכר",0
136,"הפועל גדרה",80834.12281190707
121,"הפועל גדרה רחובות",0
109,"הפועל גודו אולימפי יהוד",0
109,"הפועל גודו+קרית אונו",0
135,"הפועל גוש זבולון",148372.89177953536
138,"הפועל גזר",101732.09353182692
138,"הפועל גלבוע מעיינות",68747.87268410451
121,"הפועל גלבוע עפולה",16087.184965652092
136,"הפועל גליל עליון",0
176,"הפועל גליל עליון",12935.252761428479
138,"הפועל גליל עליון צפת",336114.37575251807
138,"הפועל גליל תבור",202381.93074948547
130,"הפועל גליל תחתון",27205.969637423652
177,"הפועל גמביט - לקידום השחמט בקריות",1976.482077954475
121,"הפועל גן יבנה",0
138,"הפועל גן יבנה",89187.75898123898
138,"הפועל גן שמואל",0
178,"הפועל גנוסר/עמותת מגל אל גל",0
121,"הפועל דגז בת ים",0
176,"הפועל דולפין נתניה",61635.949059692895
136,"הפועל דיר חנא",103133.19117381248
138,"הפועל דיר חנא",212146.83431141372
136,"הפועל דלית אל כרמל",40472.8090768583
138,"הפועל דלית אל כרמל",228749.63004013308
130,"הפועל דרום השרון",3313.1030711107815
139,"הפועל דרום השרון",149831.17471933315
210,"הפועל דרום השרון חופים",0
138,"הפועל הוד השרון",50423.305546480944
136,"הפועל הוד השרון עירוני",267588.8203428648
116,"הפועל הישגי באר שבע",13835.92137582922
116,"הפועל הישגי כרמיאל",7279.82324697476
138,"הפועל הכרמל עוספיא",120523.99862329592
210,"הפועל המעפיל חופים",0
136,"הפועל הרצליה עירוני",211841.14943810127
138,"הפועל זבולון נופית",14758.04064775052
178,"הפועל זבולון עכו",146870.44781544432
105,"הפועל זכרון יעקב",25182.799685225516
121,"הפועל זכרון יעקב",7951.137396816551
138,"הפועל זכרון יעקב",49193.46882583507
138,"הפועל חבל איילות",49562.41984202883
137,"הפועל חבל אילות",63243.92984753514
138,"הפועל חבל מודיעין",117031.26233666163
136,"הפועל חדרה ערן",278738.3545238175
121,"הפועל חוויות רחובות",0
104,"הפועל חולון",95426.69143772344
121,"הפועל חולון",0
130,"הפועל חולון",0
138,"הפועל חולון",392382.1504450635
176,"הפועל חולון",0
136,"הפועל חולון צפרירים",82283.56225543092
138,"הפועל חוף אשקלון",27056.40785420929
121,"הפועל חוף הכרמל",5454.850074560192
135,"הפועל חוף הכרמל",13548.009729279367
138,"הפועל חוף הכרמל",79939.38684198198
136,"הפועל חוף הכרמל / מ""מ",75259.35572143072
129,"הפועל חוף השרון",0
136,"הפועל חורפיש",54353.97913214441
130,"הפועל חיפה",8896.185527258109
136,"הפועל חיפה",284313.12161429384
113,"הפועל חיפה - הר הכרמל",0
138,"הפועל חיפה בי קיור",261955.22149757174
150,"הפועל חיפה הר כרמל",2449.471459464117
167,"הפועל חיפה הר-הכרמל",13078.782130813877
121,"הפועל חיפה מעולים בתנופה",0
138,"הפועל חריש",0
129,"הפועל טבעון טניס",9971.934743135582
121,"הפועל טבריה",0
138,"הפועל טבריה ע.הירדן",199848.46710495494
121,"הפועל טייבה",0
138,"הפועל טייבה",248672.9849145963
138,"הפועל טירה",71822.4644857192
139,"הפועל טירה",0
130,"הפועל טירת הכרמל",0
177,"הפועל טירת הכרמל",0
136,"הפועל טירת כרמל",122644.87599047969
138,"הפועל טירת כרמל מתנס",0
136,"הפועל טירת שלום",0
130,"הפועל טנ''ש באר שבע",13932.813416041548
129,"הפועל טניס שדה קאנטרי קלאב כפ""ס",25613.889812090994
104,"הפועל יבנה",3641.6399303201506
138,"הפועל יואב/צפית",46143.47375863329
130,"הפועל יוקנעם",1532.6805978340753
136,"הפועל יוקנעם",72471.97217619255
138,"הפועל יפו הצופים",46143.47375863329
121,"הפועל יפו התעמלות",0
136,"הפועל יפיע",46828.04356000134
138,"הפועל יפיע",229733.4994166498
135,"הפועל יקנעם",331200.5196701363
138,"הפועל יקנעם",49193.468825835065
105,"הפועל ירושלים",0
130,"הפועל ירושלים",31360.56532756182
136,"הפועל ירושלים",822835.6225543092
137,"הפועל ירושלים",24580.636701876007
176,"הפועל ירושלים",257756.6482899471
138,"הפועל ירושלים עזרא",537381.0583835442
164,"הפועל כ""ס",20153.080916853745
121,"הפועל כאוכב",0
136,"הפועל כאוכב",405843.0441866783
138,"הפועל כאוכב",324676.8942505115
139,"הפועל כאוכב",42405.049448867874
167,"הפועל כאוכב קראטה",0
138,"הפועל כפר יאסיף",0
136,"הפועל כפר כנא",0
138,"הפועל כפר מנדא",0
121,"הפועל כפר סבא",0
130,"הפועל כפר סבא",0
136,"הפועל כפר סבא",189542.0810761959
139,"הפועל כפר סבא",331348.34472129255
176,"הפועל כפר סבא ב. ב.",27281.644569182125
210,"הפועל כפר סבא חופים",0
138,"הפועל כפר סבא שלום",498231.4522680576
104,"הפועל כפר סילבר",0
138,"הפועל כפר קאסם",125443.34550587944
136,"הפועל כפר קאסם שועאע",46828.04356000133
138,"הפועל כפר קמא",38739.85670034512
176,"הפועל כפר קרע",0
136,"הפועל כפר שלם",164455.6291690523
138,"הפועל ל.ח. חוף השרון",100502.25681118105
176,"הפועל לב הגליל סחנין",0
121,"הפועל לב השרון",6841.676364702614
136,"הפועל לב השרון",114282.72535476516
138,"הפועל לב ירושלים",327628.5023800616
138,"הפועל להבים",23278.349448385154
116,"הפועל לוד",13946.608746835855
130,"הפועל לוד",40533.88985232465
138,"הפועל לוד",57359.58465092369
138,"הפועל לכיש",58491.0344339179
176,"הפועל מ.א משגב",73912.7295079432
121,"הפועל מ.א. משגב",15985.484371041648
138,"הפועל מ.בתיה רפנאל",148219.92157224106
121,"הפועל מ.ק. פרדסיה",0
130,"הפועל מבואות חרמון",0
138,"הפועל מג'דל כרום",205628.69969199062
136,"הפועל מגדל העמק",94771.04053809795
138,"הפועל מגידו",71970.0448921967
149,"הפועל מועדון אלופי הג'ודו הרצל",52715.76327599147
136,"הפועל מועדון כדורגל עירוני סנדלה גלבוע",0
136,"הפועל מועדון כדורגל עירוני צפת",37629.67786071536
136,"הפועל מועדון ספורט חבל מודיעין",66897.2050857162
136,"הפועל מועצה אזורית משגב",32612.387479286648
100,"הפועל מופת בת-ים",15333.326164155107
130,"הפועל מזכרת בתיה",0
164,"הפועל מחוז תל-אביב/קלעי העיר",0
136,"הפועל מחנה יהודה",122644.87599047969
138,"הפועל מטאור אשדוד/מבועים",143989.28325321924
121,"הפועל מטה אשר",11298.011510360262
136,"הפועל מטה אשר",323893.9679566759
138,"הפועל מטה אשר",183122.68770417102
139,"הפועל מטה אשר",210140.57837994525
136,"הפועל מטה יהודה",8362.150635714524
138,"הפועל מטה יהודה",93615.17117556414
138,"הפועל מנשה",154713.45945725127
136,"הפועל מעגן מיכאל",64109.82154047802
138,"הפועל מעגן מיכאל",93467.59076908663
136,"הפועל מעיליא",0
104,"הפועל מעלות אדרנלין",0
138,"הפועל מעלות תרשיחא",41568.48115783063
136,"הפועל מצליח",0
176,"הפועל מרום גליל",0
136,"הפועל מרום הגליל",0
136,"הפועל מרחבים",21741.591652857765
136,"הפועל מרמורק רחובות חיים",119857.49244524151
139,"הפועל משגב",108839.62691876089
130,"הפועל מתנ''ס בקה אל גרבייה",0
121,"הפועל מתנס מ.העמק",0
177,"הפועל מתנס מגדל העמק",0
162,"הפועל מתנס פירסט טבריה",0
138,"הפועל נהריה",167257.79400783923
178,"הפועל נהריה",52678.4386536705
136,"הפועל נוה גולן",0
105,"הפועל נווה מונסון",0
138,"הפועל נווה שאנן",56572.48914971033
136,"הפועל נוף הגליל",172817.77980476685
138,"הפועל נוף הגליל",15987.8773683964
136,"הפועל נחלת יהודה ראשון לציון",476642.5862357279
138,"הפועל נחף",441240.81863332767
121,"הפועל ניצני כרמיאל",0
136,"הפועל ניר רמת השרון",214628.53298333945
105,"הפועל נמרוד טבעון",1107.272377754359
176,"הפועל נס ציונה",0
138,"הפועל נס ציונה מוטור",502511.2840559053
138,"הפועל נצרת אורטודוקס",234928.329724658
138,"הפועל נשר",76495.84402417354
109,"הפועל נתניה",0
121,"הפועל נתניה",8690.778084892509
137,"הפועל נתניה",35846.76185690251
121,"הפועל סחלבים אשדוד",0
138,"הפועל סחנין",208767.24300307888
139,"הפועל סכנין",24029.52802102513
109,"הפועל סמוראי דו רמלה",26333.59737689439
99,"הפועל סמוראי-דו רמלה",0
176,"הפועל סנפיר אשקלון",0
121,"הפועל ע.ניקה בש",8228.502654845035
136,"הפועל ע.ס.אבו גוש מבשרת ציון",90645.71289114543
176,"הפועל עומר",6763.256294844475
136,"הפועל עין סהלה",28498.2093665151
177,"הפועל עירוני ""נווה אילן"" אשקלון",0
139,"הפועל עירוני אעבלין",0
121,"הפועל עירוני אשקלון - העמותה לקידום הספורט באשקלון",0
136,"הפועל עירוני בנות כרמיאל",348757.42918020044
136,"הפועל עירוני בני אעבלין",20069.16152571486
136,"הפועל עירוני בקה אל גרבייה",143828.99093428982
139,"הפועל עירוני בת ים",
210,"הפועל עירוני בת-ים חופים",0
176,"הפועל עירוני הוד השרון",28646.898169073094
176,"הפועל עירוני מודיעין",2766.8601062879034
130,"הפועל עירוני נוף הגליל",6892.913902865544
136,"הפועל עירוני עראבה",204872.69057500584
136,"הפועל עירוני ערערה",70242.06534000201
130,"הפועל עירוני צפת",0
139,"הפועל עירוני קרית אתא",181870.54541403332
210,"הפועל עירוני קרית-אתא חופים",0
164,"הפועל עירוני שפרעם",0
116,"הפועל עכו",0
136,"הפועל עכו",197346.75500286277
138,"הפועל עכו",23671.897198991835
136,"הפועל עליה כפר סבא",108707.95826428881
104,"הפועל עמק הירדן",5648.680119189779
135,"הפועל עמק הירדן",262176.17350548203
136,"הפועל עמק הירדן",101739.49940119339
139,"הפועל עמק הירדן",102007.70228533217
162,"הפועל עמק הירדן",47173.571557790216
210,"הפועל עמק הירדן - חופים",0
177,"הפועל עמק הירדן - שחמטבריה",2259.2757811765773
139,"הפועל עמק המעיינות",42876.21666496641
138,"הפועל עמק חפר",210302.0792304449
139,"הפועל עמק חפר",53006.311811084845
176,"הפועל עמק חפר",11873.667107217401
104,"הפועל עמק חפר הדסה נעורים",76107.79160737502
210,"הפועל עמק חפר חופים",0
121,"הפועל עמק יזרעאל",7303.951794750087
139,"הפועל עמק יזרעאל",184461.96510257525
176,"הפועל עמק יזרעאל",7245.538187823709
210,"הפועל עמק יזרעאל - חופים",0
138,"הפועל עמק יזרעאל שמשית",426310.6008446868
121,"הפועל עמק-הירדן",9014.37088592574
136,"הפועל עפולה",211841.14943810127
138,"הפועל עפולה",661051.9953878064
176,"הפועל עפולה",0
104,"הפועל עראבה",0
138,"הפועל עראבה",192813.80106286058
139,"הפועל עראבה",83749.97266151404
138,"הפועל ערבה",69239.80737236285
176,"הפועל ערבה",0
137,"הפועל ערד",100114.88490034916
138,"הפועל ערד",16602.795728719335
176,"הפועל ערד",0
164,"הפועל ערד - אולימפי",0
138,"הפועל פ""ת גברים",17365.294495519778
176,"הפועל פ.מ. יבנה",0
176,"הפועל פליפר חדרה",4721.030791575622
138,"הפועל פסוטה",0
138,"הפועל פרדיס",3719.0262432331315
138,"הפועל פרדסיה",25236.24950765339
136,"הפועל פרדסייה נועם",115732.16479828901
136,"הפועל פתח תקוה",688483.7356738292
137,"הפועל פתח תקוה",73997.9584046059
130,"הפועל פתח תקווה",17193.76030284862
176,"הפועל פתח תקווה",19346.20900011174
136,"הפועל צעירי נצרת",8429.047840800242
136,"הפועל קלנסואה",0
138,"הפועל קלנסווה",0
176,"הפועל קלנסווה",0
176,"הפועל קלנסווה כ. קאסם",0
136,"הפועל קרית אונו",164455.6291690523
121,"הפועל קרית אונו סביון",9615.328944987457
176,"הפועל קרית אתא",6636.425043256972
116,"הפועל קרית גת",0
121,"הפועל קרית גת",11427.448630773553
136,"הפועל קרית חיים ליבוביץ יעקב",40472.8090768583
135,"הפועל קרית טבעון",346377.4487452425
138,"הפועל קרית טבעון",215860.9412077643
176,"הפועל קרית טבעון",7166.36963587737
138,"הפועל קרית מלאכי",7379.02032387526
136,"הפועל קרית שמונה",297135.0859223894
137,"הפועל קרית-אונו",267570.4724318795
121,"הפועל ראשון לציון",0
136,"הפועל ראשון לציון",206266.38234762492
138,"הפועל ראשון לציון",216451.2628336743
137,"הפועל ראשון-לציון",181282.19567633554
136,"הפועל רהט",58601.95165508738
98,"הפועל רוכבי הנגב",0
139,"הפועל רחובות",411328.97965401836
164,"הפועל רחובות",31699.329983599386
210,"הפועל רחובות - חופים",0
136,"הפועל ריינה",83130.92685318334
136,"הפועל רמות מנשה מגידו",61322.437995239845
121,"הפועל רמת אליהו (ראשון לציון)",463015.0707355499
176,"הפועל רמת אליהו ראשון לציון",0
121,"הפועל רמת גן",10724.789977101394
176,"הפועל רמת גן",0
138,"הפועל רמת גן /גבעתיים",12298.367206458768
136,"הפועל רמת גן אסי",239714.98489048303
176,"הפועל רמת הגולן",0
130,"הפועל רמת ישי",8561.911800584321
138,"הפועל רמת ישי",0
136,"הפועל רמת ישראל",90645.71289114545
138,"הפועל רמת נגב",14389.089631556757
137,"הפועל רמת-גן",51209.65979557502
136,"הפועל רעננה",655035.1331309711
104,"הפועל רצים בעבודה",786.2631667736689
178,"הפועל שדות ים",384757.99119651783
176,"הפועל שחייני הנגב",10435.788478551172
136,"הפועל שלומי",0
136,"הפועל שמשון אשקלון",0
99,"הפועל שמשון קריית גת",20190.798273980537
138,"הפועל שער הנגב",3099.1885360276096
139,"הפועל שער הנגב",62665.23974110474
177,"הפועל שער הנגב - חופים",3194.339308569659
210,"הפועל שער הנגב - חופים",0
138,"הפועל שפרעם",172177.14089042274
124,"הפועל ת""א מועדון ימי",0
162,"הפועל ת""א קיאקים",47173.571557790216
121,"הפועל תל אביב",39016.046296006796
130,"הפועל תל אביב",2696.7118020669154
136,"הפועל תל אביב",596500.0786809694
178,"הפועל תל אביב מועדון ימי",142310.94595305106
138,"הפועל תל אביב שלמה",440345.7825502526
104,"הפועל תל-אביב",24761.496235299604
98,"הפועל תמרה",0
138,"הפועל תמרה",152991.68804834707
121,"הפועל תנופה",3975.5686984082754
136,"הפועל תרשיחא",0
138,"הפועל תרשיחא",117941.34150993958
147,"הצפונים קבוצת סופטבול גליל",138669.38106912293
98,"הרוח הישראלית המגבית הישראלית  בע""מ (חל""צ)",0
104,"הרוח השניה ירושלים",407.2015558448896
121,"הרמוני גבעתיים",0
157,"הרצליה",0
157,"הת' מועדוני פטנק ישראל",0
108,"התאגדות ישראלית לברידג",0
150,"התאחדות הברייקדאנס בישראל",0
128,"התאחדות הטיפוס הספורטיבי והאתגרי בישראל",0
167,"התאחדות הקראטה בישראל",0
121,"התעמלות אומנותית בת ים - IS",23206.22658838319
163,"וואקו הנגב לסוגי הקיקבוקסינג והקראטה",0
167,"ווסט קוסט שוטו קאן קראטה דו - קרית ים",9633.18245888143
98,"ויצו - הסתדרות עולמית לנשים ציוניות (ע""ר)",0
108,"ויצו פתח תקוה",0
128,"ויקינג מכבי תל אביב",23757.804556664785
136,"ותיקי בית""ר אלונה ברק",0
136,"ותיקי הכח רמת גן",0
136,"ותיקי הפועל כפר קרע",0
136,"ותיקי הפועל עפולה",0
136,"ותיקי הרצליה",0
136,"ותיקי יקום",0
147,"ותיקי ירושלים",287822.054112595
136,"ותיקי מועדון ספורט צעירי חיפה",55747.670904763494
136,"ותיקי מכבי מעלה אדומים",0
136,"ותיקי נתניה שמוליק פרלמן",0
136,"ותיקי פתח תקווה אבשלום",0
136,"ותיקי שמשון אשדוד",0
162,"זבולון כנרת",0
98,"זינוק במדבר - באר שבע והסביבה (ע''ר)",0
167,"זינוק במדבר באר שבע הסביבה",0
129,"חברה לקידום וטיפוח הטניס בחיפה",51028.50838414284
129,"חברה לקידום וטיפוח הטניס בירושלים",15187.4826778073
109,"חברינו נגד אלימות בישראל",0
128,"חברת מוסדות חינוך ותרבות בתל מונד",0
175,"חוות איפונה",0
175,"חוות אל וליד / שירות אדם חיה וטבע",0
175,"חוות אמיר",0
175,"חוות בן יקיר",0
175,"חוות דאבל קיי",191766.0766922952
175,"חוות האביב",55609.44475356718
175,"חוות היוצרים",83494.0203988231
175,"חוות הסיינדה",18319.825429752556
175,"חוות חניאל",25497.3343284848
175,"חוות פרח בכרמים",0
175,"חוות קבליירו",0
175,"חוות ראם",0
175,"חוות רגש",0
192,"חוס""ן",153703.84615384616
193,"חוס""ן",0
150,"חינוך והתפתחות דרך תרבות, ספורט ואומנות",0
125,"חינוך ספורט וטאקוונדו",27555.69979750311
119,"חינוך על הקרח ",0
108,"חיפה כרמל",0
167,"חלוצי הספורט גלבוע",0
98,"חץ ומטרה",0
198,"חרשים כפר קאסם מאוחדים",
125,"טאיקונדר",7094.755351731235
167,"טאצ' העמותה הבינלאומית להגנה עצמית אקטיבית",0
125,"טאקוונדו הפועל כ""ס",4537.343538897884
128,"טופ נתניה- מועדון טיפוס ספורטיבי",85355.75999788273
121,"טיב הספורט בגבעת שמואל",0
167,"טיטאן - עמותה למען קידום ספורט ואומנויות לחימה בישראל",0
147,"טייגרס סופטבול",149982.73383700012
101,"טים ברט",0
128,"טיפוס ספורטיבי הישגי ירושלים",85355.75999788273
125,"טלקוונדו",14630.045512511831
130,"טנ''ש 2007 נתניה",5639.980111751377
130,"טנ''ש נס ציונה",
129,"טניס - דרך חיים בתל אביב (ע""ר)",69384.9061430433
129,"טניס המושבה עצמה פ""ת",0
129,"טניס לכולם 2019",0
130,"טניס שולחן חיפה",12510.372025940318
121,"טרמפולינה שלומי",0
169,"יאנג אשדוד",0
157,"יהוד",1563.7963523537553
99,"יוניפייט חיפה",1206.429151169965
109,"יוניפייט חיפה",87890.11975403308
116,"יוניפייט חיפה",36928.712733074775
125,"יוניפייט חיפה",3877.3662968763733
149,"יוניפייט חיפה",53244.624878113835
163,"יוניפייט חיפה",43384.0035400253
121,"ילדי אילת",9374.94572136277
111,"ילדי המים",138460.51818276438
211,"ינשופי אגודת ספורט תל אביב",0
177,"ירו-שחמט",16019.648518612044
106,"ירושלים",0
108,"ירושלים",3921.725472275822
176,"ירושלים רבתי",58926.6073299211
193,"ירושלים רבתי",0
131,"ירושלים רבתי  שחייה",0
210,"כ""ח ת""א",35551.06739106209
105,"כדור נוצה פ""ת",30738.02394875648
125,"כדורי טאקוונדו א.ל",57479.3979393794
156,"כדורי פוטבול",0
210,"כדורעף פריבול תל אביב",35551.06739106209
139,"כדורעף שיבאת נצרת",0
140,"כדורת קרייזי בול",7067.58506773959
100,"כוכב דוד",17369.90640852238
167,"כוכב דוד",5621.860932142218
101,"כולנו למען כולנו",53678.59213786463
131,"כחול לבן עמק יזרעאל",0
176,"כיוונים באר שבע",0
100,"ככפות הזהב כפר יאסיף",0
109,"כללי איגוד הג'ודו ",0
100,"כפפות הזהב - כוכבי נצרת",3145.2976746984837
100,"כפפות הזהב - עפולה",11268.028919607319
100,"כפפות הזהב טבריה",0
100,"כפפות הזהב כפר כנא",0
100,"כפפות הזהב נהריה",28111.097967617698
100,"כפפות הזהב עראבה",0
130,"כפר הנוער בן שמן",0
121,"כפר יונה",26257.244426696518
108,"כרמיאל",0
157,"כרמיאל",827.8921865402236
130,"כרמל מרכזי טניס שולחן חיפה",37019.03717738451
109,"ל.ב אמיץ אשדוד",0
169,"לוד ריינג'רס",0
157,"לוד-גני אביב",7980.874645082813
125,"לוחמי הטאקוונדו כפר סבא",2309.9203470752864
150,"לטס דאנס",14033.430236513166
104,"לידר ירושלים",119140.22301852955
104,"לידר נתניה",12785.466737178564
101,"לירון חביב",0
113,"ללא אגודה",0
99,"לפיד",25467.719381197956
130,"מ. טנ""ש ויקטור נתניה",0
210,"מ. ס. רמת אביב חופים",0
139,"מ.ה. דלית אל כרמל",85988.01693798209
210,"מ.ה. דלית אל כרמל - חופים",0
137,"מ.כ באר יעקב",22429.830990461858
139,"מ.כ. בני הרצליה",27563.282141764117
139,"מ.כ. חיפה נווה שאנן",44525.30192131127
210,"מ.כ. חיפה נווה שאנן חופים",35551.06739106209
136,"מ.כ. מועצה איזורית חוף אשקלון",16724.30127142905
139,"מ.כ. נס ציונה",80569.59395284895
210,"מ.כ. נס ציונה - חופים",0
139,"מ.כ. רעננה",141585.74843760885
138,"מ.ל.ה.ש ירושלים",43290.25256673487
167,"מ.ס גלגוליה",12716.012991419038
138,"מ.ס. אבן יהודה",
121,"מ.ס. בית שמש",0
138,"מ.ס. הד""ג פ""ת אורון",77528.90686951607
104,"מ.ס. הפועל מנשה",0
139,"מ.ס. מעלה אדומים",66670.16107794226
139,"מ.ס. עיילבון",192471.8077762503
176,"מ.ס. רמלה",18759.715441815384
139,"מ.ס. רמת אביב",324516.42008786387
138,"מ.ס. רמת אפעל",0
108,"מ.ספורט רשלצ",0
130,"מ.ק.מתנ''ס קריית גת",1578.9099430123654
108,"מבואות חרמון",0
128,"מגדל שגיא",12613.38362818438
106,"מודיעין",29361.159131433164
156,"מודיעין",119893.2803489527
177,"מועדון ""פורת"" ע""ש מרדכי ורחל פורת",0
175,"מועדון LD Training - מכבי תל אביב",191766.0766922952
100,"מועדון אגרוף אלופים ירושלים",12790.352994161385
100,"מועדון אגרוף טריפל וי",12581.190698793935
100,"מועדון איגרוף ירושלים",4557.536330638103
131,"מועדון איילות ת""א-דן",93320.76658548381
176,"מועדון אילות תל אביב",0
164,"מועדון אלון אולימפי",0
177,"מועדון אלרואד לשחמט",0
104,"מועדון ארוחת הבוקר - ירושלים (ע""ר)",3277.475937288136
150,"מועדון אתלטיקה קלה מכבי ראשון לציון",33957.810195163314
172,"מועדון אתלטיקה קלה מכבי ראשון לציון",0
105,"מועדון בדמינטון באר שבע",3670.516169351466
105,"מועדון בדמינטון חצור",30738.02394875648
105,"מועדון בדמינטון יהוד",12382.639235480894
136,"מועדון בנות איכסל",122644.8759904797
108,"מועדון ברידג' נהריה",0
113,"מועדון גלגיליות קרית ביאליק",0
130,"מועדון האלופים בספורט ובערכים - דלית אלכרמל",0
108,"מועדון הברידג' כפר סבא",7625.577307202989
108,"מועדון הברידג' רחובות",0
164,"מועדון החוגלה",0
124,"מועדון החתירה חיפה",17571.337088148815
129,"מועדון הטניס אביחיל",21852.854474881504
129,"מועדון הטניס מכבי נתניה",14349.203831054376
139,"מועדון הכדורעף הפועל כפר מנדא",0
141,"מועדון הכדורת העירוני רעננה",6785.644606812857
129,"מועדון הכרמל טניס חיפה",6279.555883586639
148,"מועדון הסייף הפועל כפר סבא",125482.90320926701
131,"מועדון הספורט דניה",0
198,"מועדון הספורט החרשים יהוד-מונוסון",
131,"מועדון הספורט מיתר",0
100,"מועדון הספורט סטאר בת ים",9960.109303211864
198,"מועדון הספורט של חרשים וכבדי השמיעה בתל אביב",
129,"מועדון השגי מכבי בני הנגב באר שבע",0
177,"מועדון השח-מט ראשון לציון",88885.13476730695
177,"מועדון השחמט - עירוני מודיעין",375.0090412293094
177,"מועדון השחמט גבעת שמואל",0
177,"מועדון השחמט גבעתיים",0
177,"מועדון השחמט הוד השרון",0
177,"מועדון השחמט הפועל פתח תקוה",38623.47217093868
177,"מועדון השחמט טבעון",0
177,"מועדון השחמט כפר סבא",83842.80008507287
177,"מועדון השחמט לעוורים ירושלים מרשל",0
177,"מועדון השחמט נהריה",8140.1552703562065
177,"מועדון השחמט צפריר הובר רחובות",0
177,"מועדון השחמט רעננה",0
177,"מועדון השחמט של מועדון הזהב ע""ש פרדי ריינר",0
124,"מועדון השייטים תל אביב",17571.337088148815
127,"מועדון התעופה - הפועל מופת בת ים",15154.529211327534
127,"מועדון התעופה נהריה",0
127,"מועדון התעופה ע.ל.ה רעננה",15154.529211327534
127,"מועדון התעופה ראשל""צ",0
127,"מועדון התעופה- מרכז לחינוך וספורט רמת השרון",15154.529211327534
127,"מועדון התעופה-בני הרצליה",15154.529211327534
121,"מועדון התעמלות שדרות",0
141,"מועדון חיפה לכדורת הדשא",6785.644606812857
127,"מועדון טיסנאות תל אביב",0
128,"מועדון טיפוס אורבני בולדרינג רחובות והסביבה",0
177,"מועדון טירה לשחמט",6971.479553344868
129,"מועדון טניס אורנית",0
129,"מועדון טניס גלי השרון כפר סבא",16574.678436197482
129,"מועדון טניס הרצליה",42113.213577685434
129,"מועדון טניס קרית השרון נתניה",27177.917864162973
129,"מועדון טניס קרית ים",4762.415182112107
130,"מועדון טניס שולחן עפולה",2204.7841546569066
98,"מועדון טריאתלון איילות - תל אביב - דן (ע""ר)",110803.71599123893
98,"מועדון ישראלי לרצים איילות",55919.509712628846
131,"מועדון ישראלי לרצים איילות",54087.61647126269
136,"מועדון כדורגל אולמות אשקלון",0
211,"מועדון כדורגל אולמות אשקלון",0
136,"מועדון כדורגל אולמות מכבי נתניה",0
211,"מועדון כדורגל אולמות מכבי נתניה",0
136,"מועדון כדורגל אולמות ראשון לציון",0
211,"מועדון כדורגל אולמות ראשון לציון",0
136,"מועדון כדורגל אור עקיבא",0
136,"מועדון כדורגל אחווה כפר מנדא",147173.85118857562
136,"מועדון כדורגל אינטר עלייה תל אביב",0
136,"מועדון כדורגל אלנהדה נצרת",50172.90381428714
136,"מועדון כדורגל אשדוד סיטי",0
136,"מועדון כדורגל באר שבע שועה טל",0
136,"מועדון כדורגל בית""ר יבנה",0
136,"מועדון כדורגל בני זמר",0
136,"מועדון כדורגל בני כפר יאסיף",0
136,"מועדון כדורגל בני רעננה עוזי כהן",0
136,"מועדון כדורגל בנימינה",55747.6709047635
136,"מועדון כדורגל ג'וליס",0
136,"מועדון כדורגל גליל גולן",79997.90774833562
136,"מועדון כדורגל גני תקווה",50172.90381428714
136,"מועדון כדורגל דיזנגוף תל אביב",0
136,"מועדון כדורגל הפועל בני אשדוד",97558.42408333611
136,"מועדון כדורגל הפועל גלבוע",0
136,"מועדון כדורגל הפועל ערערה בנגב",0
136,"מועדון כדורגל הפועל פסוטה",0
136,"מועדון כדורגל חולון ירמיהו",136581.79371667057
136,"מועדון כדורגל ירושלים",0
136,"מועדון כדורגל כבביר",82283.56225543091
136,"מועדון כדורגל כפר סבא",0
136,"מועדון כדורגל כפר קאסם ""ניבראס""",0
136,"מועדון כדורגל כרמל חיפה",73921.41161971638
136,"מועדון כדורגל מג'דל כרום שאגור",80276.64610285943
136,"מועדון כדורגל מועצה אזורית יואב",16724.30127142905
136,"מועדון כדורגל מזכרת בתיה",41810.753178572624
136,"מועדון כדורגל מיתר",119857.49244524153
136,"מועדון כדורגל מכבי אשדוד",203478.99880238675
136,"מועדון כדורגל מכבי אשקלון",140818.6167054326
136,"מועדון כדורגל מכבי נהריה",108707.95826428881
136,"מועדון כדורגל מעיליא",32612.387479286648
136,"מועדון כדורגל מתנ""ס אופקים",12543.225953571788
136,"מועדון כדורגל נהלל יזרעאל",0
136,"מועדון כדורגל נוה יוסף",156093.47853333777
136,"מועדון כדורגל נשים הפועל קרית ים",245289.7519809594
136,"מועדון כדורגל עירוני אור יהודה",108707.95826428881
136,"מועדון כדורגל עירוני אריאל",99007.86352685996
136,"מועדון כדורגל ערד",0
211,"מועדון כדורגל ערד",0
136,"מועדון כדורגל צופי חיפה סמיר פרהוד",22299.0683619054
136,"מועדון כדורגל צעירי טירה",0
136,"מועדון כדורגל צעירי טמרה",128175.04494423223
136,"מועדון כדורגל צעירי לוד",0
136,"מועדון כדורגל צעירי עילוט",60207.484577144576
136,"מועדון כדורגל קרית חיים",100345.80762857429
136,"מועדון כדורגל רמת השרון",423682.2988762026
136,"מועדון כדורגל שדרות",31553.18173209614
136,"מועדון כדורגל שפרעם",97000.94737428847
136,"מועדון כדורגל תל אביב טומי",0
137,"מועדון כדוריד (1972) חולון",465416.75129900326
137,"מועדון כדוריד באר שבע",102419.31959115004
138,"מועדון כדורסל שדרות",0
139,"מועדון כדורעף מטה בנימין",131455.6532914904
139,"מועדון כדורעף נתניה",140525.62220138713
139,"מועדון כדורעף פתח תקווה",61722.90530890769
139,"מועדון כדורעף שוהם",21438.108332483203
141,"מועדון כדורת דשא - רמת גן",0
141,"מועדון כדורת הדשא קרית אונו",0
100,"מועדון לענפי ספורט מכבי תל אביב",26014.232851152043
131,"מועדון לענפי ספורט מכבי תל אביב",93320.76658548381
148,"מועדון לפיתוח ענפי ספורט והתעמלות מכבי פתח-תקוה, השרון והסביבה (ע""ר)",3659.2868542043493
113,"מועדון מחליקי ראשל""צ",2709.600543950592
164,"מועדון מטה אשר בקליעה",0
150,"מועדון מכבי לקידום ספורט הריקוד כרמיאל",0
148,"מועדון סיוף הפועל חיפה (ע""ר)",17913.485646744546
100,"מועדון סייף ואגרוף - מכבי נתניה",17561.245350399866
136,"מועדון ספורט איחוד דרום השרון",80834.12281190706
136,"מועדון ספורט אשדוד",220203.30007381583
136,"מועדון ספורט באר יעקב סולומון",0
136,"מועדון ספורט באר שבע",207715.8217911488
121,"מועדון ספורט באר-שבע",0
136,"מועדון ספורט בועטות טמרה",367934.62797143916
136,"מועדון ספורט בית ג'אן",85795.66552243102
136,"מועדון ספורט בנות בית שמש",0
136,"מועדון ספורט בני ""ממבע"" הגולן והגליל",149125.01967024236
136,"מועדון ספורט בני יפו אורתודוכסים",114282.72535476516
136,"מועדון ספורט בני יפיע",30103.742288572288
136,"מועדון ספורט בני קלנסואה",16724.30127142905
113,"מועדון ספורט בקה אל גרביה",0
136,"מועדון ספורט ג'דידה מכר",0
136,"מועדון ספורט גבעת שמואל",23748.50780542925
121,"מועדון ספורט גדרות",5269.939902541202
136,"מועדון ספורט דימונה",170309.13461405248
98,"מועדון ספורט דניה",0
176,"מועדון ספורט דניה",0
136,"מועדון ספורט הפועל ירוחם",45991.82849642989
136,"מועדון ספורט הפועל לוד בני רגב",194001.89474857692
129,"מועדון ספורט הפועל מנשה",5860.918824680863
131,"מועדון ספורט הפועל מנשה",0
136,"מועדון ספורט הפועל מנשה",22299.0683619054
172,"מועדון ספורט הפועל מנשה",189384.77945019677
136,"מועדון ספורט הפועל שגב שלום",45991.82849642989
118,"מועדון ספורט חורף כפר סבא",166822.9916148659
119,"מועדון ספורט חורף כפר סבא ",0
118,"מועדון ספורט חורף נתניה",61461.10217389796
118,"מועדון ספורט חורף קדימה-צורן",160237.8735248054
136,"מועדון ספורט חיפה רובי שפירא",25086.45190714357
198,"מועדון ספורט חרשים חיפה",
136,"מועדון ספורט טירה",139369.17726190874
136,"מועדון ספורט טירת כרמל גל קובי",13936.917726190875
136,"מועדון ספורט כאבול",0
136,"מועדון ספורט כדורגל הפועל קרית ים",0
136,"מועדון ספורט כדורגל משהד",0
136,"מועדון ספורט כדורגל שגב שלום",0
136,"מועדון ספורט כפר יאסיף",32110.658441143773
136,"מועדון ספורט כפר כמא",52614.651799915795
136,"מועדון ספורט כפר קאסם סוהיב",197346.75500286277
211,"מועדון ספורט כפר קאסם סוהיב",0
100,"מועדון ספורט כרמיאל והסביבה",7339.027907629796
167,"מועדון ספורט מיתר",35494.09632289488
176,"מועדון ספורט מיתר",0
129,"מועדון ספורט מיתר (ע""ר)",0
109,"מועדון ספורט מעלה אדומים",0
121,"מועדון ספורט מעלה אדומים",14422.993417481186
130,"מועדון ספורט מעלה אדומים",373.39086490157285
176,"מועדון ספורט מעלה אדומים",2140.7822720183776
136,"מועדון ספורט נתניה קולט כהן",0
136,"מועדון ספורט עמק חפר",58535.05445000167
136,"מועדון ספורט פרדס חנה כרכור",115732.16479828901
129,"מועדון ספורט צאלה בע""מ",0
136,"מועדון ספורט צעירי טייבה",0
136,"מועדון ספורט צעירי כפר כנא",123759.82940857495
136,"מועדון ספורט צעירי כפר מנדא",83973.83163726336
119,"מועדון ספורט קדימה ",0
136,"מועדון ספורט קדימה צורן",122644.87599047969
118,"מועדון ספורט קרח רעננה",0
136,"מועדון ספורט קריית חיים",40472.8090768583
136,"מועדון ספורט קרית גת",644820.6122528475
136,"מועדון ספורט קרית ים",161668.24562381415
136,"מועדון ספורט ראמה",54353.97913214441
136,"מועדון ספורט ראשון לציון",32110.658441143773
136,"מועדון ספורט רמלה",131007.02662619422
113,"מועדון ספורט רמת אביב",6218.755346771851
136,"מועדון ספורט רשת מתנ""סים טבעון",0
136,"מועדון ספורט שיכון המזרח",72471.97217619255
136,"מועדון ספורט שפרעם",238600.03147238778
136,"מועדון ספורטינג תל אביב",0
154,"מועדון סקווש הרצליה",11668.098597167056
155,"מועדון סקי מים בכבלים ת""א ",44024.18736586791
121,"מועדון עירוני חולון",162628.49629070133
177,"מועדון עירוני נתניה",15990.754379369784
120,"מועדון ענפי הכוח",0
156,"מועדון פוטבול ירושלים",172761.88349078005
160,"מועדון פריסבי ""עצמה"" תל אביב",0
160,"מועדון פריסבי חיפה ""עצמה"" (ע""ר)",0
164,"מועדון צלחות חרס אימפריאל",0
136,"מועדון צעירי רהט",88705.69394365967
177,"מועדון קהילתי פורסאן שחמט רהט",1586.1038137239645
147,"מועדון קליע",249216.99954380837
164,"מועדון קליעה נשק הצפון אולימפי",66750.9709595299
164,"מועדון קליעה עירון",0
164,"מועדון קלעי הרצליה",3028.0771326846234
118,"מועדון קרח בת ים",70241.25962731196
169,"מועדון קריקט ב""ש",13482.008037177882
169,"מועדון קריקט סופר אריות לוד",35053.22089666249
170,"מועדון קשתות משהד",0
170,"מועדון קשתי בסמ""ה",0
172,"מועדון ראגבי השרון",64198.2303221006
172,"מועדון רוגבי הדרים (ע""ר)",322917.098520166
172,"מועדון רוגבי יזרעאל-גלבוע - עמותה לקידום הרוגבי והספורט בישראל",202224.4255146169
175,"מועדון רוכבי ורד הגליל",34727.815048057535
175,"מועדון רוכבי יפעת",52071.75925496823
125,"מועדון רזי הטאקוונדו",46493.74675731035
175,"מועדון רכיבה רעננה",0
104,"מועדון רצי שפיר",0
177,"מועדון שח חיפה והשכונות",44375.86495582827
177,"מועדון שחמט ""צים"" חיפה",0
177,"מועדון שחמט איזורי בועיינה הנוגידאת",0
177,"מועדון שחמט איזורי גלבוע",0
177,"מועדון שחמט אשדוד",18148.59328873843
177,"מועדון שחמט באר שבע",36883.061358282655
177,"מועדון שחמט הרצליה",23278.839926539396
177,"מועדון שחמט יקנעם",1260.276286098499
177,"מועדון שחמט כפר יאסיף",0
177,"מועדון שחמט מתנ""ס אום אל פחם",0
177,"מועדון שחמט נס ציונה",2090.214328163364
177,"מועדון שחמט נצרת",0
177,"מועדון שחמט עירוני ת""א ע""ש סול וסיסי מרק",16608.597144018073
177,"מועדון שחמט צורן ע""ש מ. בוטביניק",0
177,"מועדון שחמט קרית אונו",24352.841229863334
177,"מועדון שחמט ראמה",0
177,"מועדון שחמט שוהם",7165.131763160002
127,"מועדון תעופה גליל מערבי- מתנס מטה אשר",0
127,"מועדון תעופה שקטה - הפועל לב השרון",0
99,"מועדוני או-שו (קונג-פו) רחובות",32659.772967269506
129,"מועדוני טניס חיפה -זכרון יעקב-קיסריה-אור עקיבא",12547.389929523917
136,"מועצה אזורית שער הנגב",8362.150635714524
156,"מורדי יהודה",117870.98405391011
108,"מושבות שמריהו",27714.49734298524
156,"מזכרת בתיה",101114.81475212878
128,"מטפסי קרית מלאכי באר טוביה והסביבה",0
128,"מטפסי תל אביב",85355.75999788273
109,"מיטב אילת",0
119,"מיטב אילת ",0
109,"מיטב אשדוד מרכז",22489.643787436496
121,"מיטב אשדוד מרכז",11834.251009215332
109,"מיטב אשקלון",0
109,"מיטב באר שבע",13686.131910117605
109,"מיטב בת ים",69075.7572276487
109,"מיטב ירושלים",271303.22599700897
109,"מיטב כפר סבא",0
109,"מיטב לקידום תרבות הספורט קריית אתא",3550.996387489973
109,"מיטב מודיעין",93367.53168173636
109,"מיטב נתניה",475131.1584298475
109,"מיטב ספורטילנד שהם",7249.950957792029
121,"מיטב ספורטילנד שוהם",0
109,"מיטב רחובות",13428.684672024583
109,"מיטב תל אביב",94826.3993642635
121,"מינהל קהילתי יובלים",0
157,"מיתר",0
138,"מכבי  ג'ת",51480.9651262364
129,"מכבי - מועדון טניס לצעירי הרצליה",34175.85494083192
148,"מכבי - מועדון ספורט יהודה רחובות (ע""ר)",0
104,"מכבי 4fitness מתנ""ס קרית ים",0
121,"מכבי RG Winner",65550.6559807318
130,"מכבי אבן יהודה",0
109,"מכבי אולימפ רחובות",3107.121839053727
149,"מכבי אולימפ רחובות ג'ודו",0
138,"מכבי אום אל פחם",189178.40371663135
176,"מכבי אוסו ""קאנטרי גבעתיים"" ר""ג",0
138,"מכבי אורנית",56572.48914971033
176,"מכבי אושן חדרה",0
136,"מכבי אחווה פרדיס",0
136,"מכבי אחווה שעב",71078.28040357346
136,"מכבי אחי איכסל",147575.23441908992
136,"מכבי אחי נצרת",163898.15246000467
136,"מכבי איחוד בני אבטין",0
121,"מכבי איילות דרום השרון בהתעמלות",0
120,"מכבי אילת",7002.43641671156
138,"מכבי אילת",9592.726421037838
139,"מכבי אילת",86223.60054603135
135,"מכבי איתן ירושלים",70449.65059225271
138,"מכבי אלפי מנשה",10478.208859902868
120,"מכבי אסא תל אביב",2980.224901561958
138,"מכבי אעבלין שפרעם",154221.52476899294
121,"מכבי אקרו",0
121,"מכבי אקרובטים ירושלים",0
121,"מכבי אקרוג'ים",36242.393715721955
121,"מכבי אקרוקידס אשקלון",0
131,"מכבי ארזים",0
121,"מכבי אריאל",42436.8844783581
105,"מכבי אשדוד",4123.21316357148
121,"מכבי אשדוד",16826.82565372805
135,"מכבי אשדוד",20322.01459391905
139,"מכבי אשדוד",230165.18506413285
176,"מכבי אשדוד",33127.999777709294
210,"מכבי אשדוד - חופים",0
138,"מכבי אשדוד נשים",331957.52763673506
116,"מכבי אתלטיקה אשקלון",0
104,"מכבי אתלטיקה נס ציונה",0
121,"מכבי באר יעקב",11834.251009215332
138,"מכבי באר יעקב",37534.616714112155
136,"מכבי באר יעקב עמית",0
121,"מכבי באר שבע",0
136,"מכבי באר שבע",298250.0393404847
138,"מכבי בינימין",12298.367206458768
138,"מכבי בית דגן",31975.754736792795
121,"מכבי בית חשמונאי",4807.664472493729
104,"מכבי במושבה",5663.5777370865435
136,"מכבי בנות עמק חפר",156093.4785333378
136,"מכבי בני אבו גוש",0
136,"מכבי בני אבו סנאן",0
136,"מכבי בני ג'דידה מכר",0
100,"מכבי בני הכרמל",5373.216860943243
136,"מכבי בני טורעאן",12543.225953571788
139,"מכבי בני נצרת",204957.7390028614
210,"מכבי בני נצרת - חופים",0
136,"מכבי בני ריינה",264243.960088579
138,"מכבי בסמ""ה",3719.0262432331315
136,"מכבי בסמת טבעון",0
138,"מכבי בקה",157694.58366809692
138,"מכבי בקעת בית שאן",18418.03472839265
136,"מכבי ברקאי",48834.95971257282
138,"מכבי בת ים",119933.67699738592
121,"מכבי ג'ים ק.ביאליק",18491.017201898958
139,"מכבי ג'לג'וליה",53241.8954191341
130,"מכבי גבירול באר שבע",1540.9781726096658
136,"מכבי גבעת שמואל",30661.218997619922
136,"מכבי גבעתיים",0
130,"מכבי גדרה",2512.9797891788394
138,"מכבי גדרה נחום",154369.10517547047
138,"מכבי גדרות",41273.320344875625
176,"מכבי גדרות שחייה",0
113,"מכבי גזר רחובות לרולרבליידס",0
98,"מכבי גמאל עין מאהל",0
138,"מכבי גן יבנה",25236.24950765339
130,"מכבי דימונה",52667.55198345316
137,"מכבי דימונה",65932.43698680283
138,"מכבי דימונה",65673.28088248981
121,"מכבי דן",18768.38245992744
121,"מכבי דרום מ.התעמלות",0
137,"מכבי הארזים ר""ג",91921.33933305716
139,"מכבי הברדלס",201188.4012740731
138,"מכבי הגליל עילבון",113144.97829942066
120,"מכבי הוד השרון",0
121,"מכבי הוד השרון",3790.658526389286
139,"מכבי הוד השרון",243122.2835068425
210,"מכבי הוד השרון חופים",0
125,"מכבי הלוחם הצעיר",86562.61506354129
176,"מכבי המשולש קלנסווה",0
128,"מכבי הקיר טיפוס חדרה",59804.836168115595
137,"מכבי הקרייתים",0
109,"מכבי הרצליה",32364.372908314865
136,"מכבי הרצליה",181179.93044048137
136,"מכבי השקמה חן",0
136,"מכבי השרון נתניה ויקטור עטיה",99119.35886866949
176,"מכבי וייסגל רחובות",10411.47242331051
128,"מכבי ונגה פתח תקווה",38570.528986640595
130,"מכבי זאב זכרון יעקב",11211.208889647862
156,"מכבי זאבי בינימין",21667.460304027594
129,"מכבי זכרון יעקב",5860.918824680863
136,"מכבי זכרון יעקב",41810.753178572624
138,"מכבי זכרון יעקב",79939.38684198199
138,"מכבי חדרה",234357.6854862783
139,"מכבי חדרה - כדורעף",156898.68296081116
121,"מכבי חוויות רחובות",15994.729879642597
136,"מכבי חולון",0
138,"מכבי חולון",0
121,"מכבי חומות שמואל ירושלים",0
138,"מכבי חורה עירוני",24596.734412917536
135,"מכבי חיפה",200962.14431764395
136,"מכבי חיפה",323336.4912476283
176,"מכבי חיפה",373844.40424138587
139,"מכבי חיפה - כרמל",189409.2208716098
104,"מכבי חיפה כרמל",89648.07098465631
109,"מכבי חיפה כרמל",53205.76253922477
116,"מכבי חיפה כרמל",8514.413154356444
121,"מכבי חיפה כרמל",294469.4489402409
125,"מכבי חיפה כרמל",4944.879485846166
177,"מכבי חיפה כרמל",2520.552572196998
148,"מכבי חיפה כרמל (ע""ר)",0
138,"מכבי חיפה עתודה",495624.1984202884
138,"מכבי חריש",6198.377072055219
121,"מכבי טאמבלינג אשקלון",0
136,"מכבי יבנה",222990.68361905398
136,"מכבי יהוד מונוסון",87858.32934590726
121,"מכבי יהוד מונסון",111778.19898547919
169,"מכבי יונתן אבנר הרי",44940.026790592936
121,"מכבי יוקנעם",28198.80123289591
136,"מכבי יפו",156093.47853333777
138,"מכבי ירוחם",88892.59816828396
121,"מכבי ירושלים",0
176,"מכבי ירושלים",4554.292127068229
131,"מכבי ישראל",0
130,"מכבי כוכב יאיר - צור יגאל",0
176,"מכבי כוכב יאיר - צור יגאל",0
121,"מכבי כוכבות השפלה",0
100,"מכבי כוכבי הנגב אגרוף ואומנויות הלחימה",0
136,"מכבי כנות",58535.05445000167
176,"מכבי כפר המכביה",0
136,"מכבי כפר סבא",100345.80762857429
138,"מכבי כרמיאל עירוני",198987.58140050285
136,"מכבי כשרונות חדרה",423682.2988762026
136,"מכבי כשרונות רמת גן",22299.0683619054
105,"מכבי לוד",1339.738401813285
121,"מכבי ליאו-בק חיפה",0
121,"מכבי לידר גני תקוה",11187.06540714887
148,"מכבי לקידום ופיתוח ספורט בירושלים והסביבה (ע""ר)",0
121,"מכבי מ.ס. אור עקיבא",7211.496708740593
128,"מכבי מאנקיז אשדוד",13926.422912835975
176,"מכבי מג'דל כרום",0
138,"מכבי מג׳ד אל כרום",0
138,"מכבי מודיעין רעות",68870.8563561691
109,"מכבי מעלה אדומים",0
121,"מכבי מעלה אדומים",0
138,"מכבי מעלה אדומים",135577.20008400147
176,"מכבי מעלה אדומים",0
177,"מכבי מעלה אדומים",0
129,"מכבי מעלה אדומים (ע""ר)",0
138,"מכבי מעלה יוסף",8825.308307354811
121,"מכבי מפעלי בית עמנואל",5177.484816531707
104,"מכבי מקפת פ""ת",0
121,"מכבי מקפת פתח-תקוה",457745.1308330087
176,"מכבי מרום רמת גן",107861.49713032067
138,"מכבי מתן",33205.59145743867
177,"מכבי מתנ""ס קרית ים",16477.03659512779
136,"מכבי מתנ""ס רהט",0
176,"מכבי מתנ""ס רהט",0
130,"מכבי מתנ''ס כפר יונה",0
104,"מכבי מתנס אופקים",0
139,"מכבי מתנס אופקים",5300.631181108484
121,"מכבי מתנס קרית ים",20894.84943814582
104,"מכבי מתנס רהט",0
109,"מכבי מתנס רהט",0
100,"מכבי נ.ש.ר עזריה",43604.31009690332
104,"מכבי נ.ש.ר עזריה",0
150,"מכבי נגב ברייקרס",0
176,"מכבי נהריה",23660.89508118727
136,"מכבי נוג'ידאת אחמד",142156.56080714692
136,"מכבי נווה שאנן אלדד",131007.02662619422
136,"מכבי נחלת יצחק תל אביב",0
211,"מכבי נחלת יצחק תל אביב",0
121,"מכבי נס ציונה",0
131,"מכבי נס ציונה",0
176,"מכבי נצרת",9934.522289952152
104,"מכבי נצרת נוף הגליל א""ק",0
121,"מכבי נשר נוה שאנן",0
136,"מכבי נתניה",245289.75198095938
176,"מכבי סחנין",0
138,"מכבי סנו הוד השרון",328759.9521630558
136,"מכבי ספרטק רמת גן",0
113,"מכבי סקייטבורד תל אביב",11149.33994314096
136,"מכבי סקציה מעלות תרשיחא",86966.36661143106
121,"מכבי ע.ל.ה אריאל",4530.299214465244
100,"מכבי ע.מ.י ספורט ערד",0
136,"מכבי עוספיא",0
139,"מכבי עוספיא 05",56068.8987157253
138,"מכבי עילוט",110931.27220225809
138,"מכבי עין מאהל",100108.70906057439
139,"מכבי עין מאהל",9423.344321970639
136,"מכבי עין מאהל ג'אמל",0
136,"מכבי עירוני אור יהודה",0
121,"מכבי עירוני באר יעקב",0
136,"מכבי עירוני ברטעה",80276.64610285943
136,"מכבי עירוני בת ים",100345.80762857429
104,"מכבי עירוני חורה",0
121,"מכבי עירוני חורה",0
136,"מכבי עירוני חורה",60709.21361528746
176,"מכבי עירוני חורה",0
177,"מכבי עירוני חורה שחמט",2305.3834501801807
136,"מכבי עירוני טמרה",30103.742288572288
136,"מכבי עירוני יפיע",0
136,"מכבי עירוני כפר יונה",121306.93188876536
121,"מכבי עירוני נס ציונה",
136,"מכבי עירוני נתיבות",87367.74984194533
138,"מכבי עירוני נתיבות",3837.0905684151357
136,"מכבי עירוני פתח תקוה",284313.12161429384
136,"מכבי עירוני קרית אתא",125432.25953571787
138,"מכבי עירוני קרית גת",43565.735992159534
138,"מכבי עירוני רמת גן",608292.2851216536
121,"מכבי עירוני שדרות",0
130,"מכבי עירוני שדרות",0
136,"מכבי עירוני שדרות",33448.6025428581
211,"מכבי עירוני שדרות",0
130,"מכבי עלה אריאל",0
116,"מכבי עמ""י אילת",0
116,"מכבי עמ""י אשקלון",13963.637573144568
116,"מכבי עמ""י באר שבע",64448.14748927027
116,"מכבי עמ""י בת ים",1447.4502362405954
116,"מכבי עמ""י מודיעין",0
116,"מכבי עמ""י נוף הגליל",0
116,"מכבי עמ""י נתניה גלדיאטור",0
116,"מכבי עמ""י שדרות",0
149,"מכבי עמי ספורט אילת",0
116,"מכבי עמי ערד",0
136,"מכבי עמישב פתח תקוה אלי",122644.87599047969
136,"מכבי עמק חפר",142156.56080714692
100,"מכבי עצמאות פתח תקוה",4455.838372489518
129,"מכבי עצמאות פתח תקוה(מחלקת כדורסל) 1995",7619.194472085122
138,"מכבי ערערה",89610.82281314117
136,"מכבי עתלית",195116.84816667225
105,"מכבי פ""ת",0
176,"מכבי פ.מ. רעות",34418.12403748792
136,"מכבי פנתרות אשדוד",234140.2178000067
138,"מכבי פרדיס",75757.94199178602
138,"מכבי פרדס חנה",74478.9118023143
136,"מכבי פרדס כץ",0
137,"מכבי פתח תקוה",161310.42835606128
138,"מכבי פתח תקוה אליצור",122442.54390750348
136,"מכבי צור שלום ביאליק",133794.4101714324
136,"מכבי צור שלום קרית ביאליק",154755.53443162347
136,"מכבי צורן",39023.36963333445
136,"מכבי צעירי ירכא",37629.67786071536
118,"מכבי צעירי מטולה",119849.14923910104
136,"מכבי צעירי משהד",20069.16152571486
121,"מכבי צפון",0
129,"מכבי צפון תא - מועדון הטניס",0
138,"מכבי קדימה צורן",39994.29015540391
138,"מכבי קיסריה",43044.285222605686
121,"מכבי קרית אונו",78956.64345210855
176,"מכבי קרית אונו",24249.812166584026
138,"מכבי קרית ביאליק",0
176,"מכבי קרית ביאליק",208008.90750007398
136,"מכבי קרית גת",160553.29220571887
138,"מכבי קרית חיים",21546.73934571576
138,"מכבי קרית ים מתנס",43191.865629083186
138,"מכבי קרית מוצקין",247197.18084982122
136,"מכבי קרית מלאכי עירוני",153863.57169714724
136,"מכבי קרית עקרון",0
121,"מכבי קרית-מוצקין",0
137,"מכבי קרית-מוצקין",107284.23727172967
170,"מכבי קשתות המאה ה-21",14752.178972112219
170,"מכבי קשתי גדרות",0
170,"מכבי קשתי האולימפוס",37820.8988397527
170,"מכבי קשתי העמק וההר",91778.57042983783
104,"מכבי ראשון לציון",150239.16590711265
121,"מכבי ראשון לציון",0
138,"מכבי ראשון לציון",175276.32942645033
139,"מכבי ראשון לציון",52535.14459498631
176,"מכבי ראשון לציון SEALS",174362.27292287946
210,"מכבי ראשון לציון חופים",0
137,"מכבי ראשון-לציון",207399.12217207882
105,"מכבי ראשל""צ",17834.12043783644
130,"מכבי ראשל''צ טנ''ש",1789.905415877381
138,"מכבי רהט",24104.799724659184
131,"מכבי רודראנר",93320.76658548381
120,"מכבי רומנו הרצליה",606.7233105785747
130,"מכבי רחובות",7479.670976282301
136,"מכבי רחובות",183967.31398571952
138,"מכבי רחובות",299711.2088214002
128,"מכבי רחובות - מועדון לנינג'ה וטיפוס",0
136,"מכבי רמלה",0
138,"מכבי רמת הגולן",61491.83603229384
176,"מכבי רמת הגולן",6705.495565618318
130,"מכבי רמת יצחק רמת גן",1481.7097813554478
137,"מכבי רעננה",77480.215270705
138,"מכבי רעננה",216451.2628336743
138,"מכבי רעננה עירוני",118064.32518200416
109,"מכבי רפאל תל אביב",31636.41864887942
138,"מכבי שגב שלום",0
138,"מכבי שדות נגב",36250.66717775786
109,"מכבי שדרות",0
138,"מכבי שדרות",0
130,"מכבי שהם",6709.181889977468
129,"מכבי שהם זה בטבע שלי",0
121,"מכבי שוהם",14792.813761519166
136,"מכבי שוהם",133794.4101714324
176,"מכבי שוהם",17545.528364515903
125,"מכבי שוהם זה בטבע שלי",15423.668146042697
176,"מכבי שחייני אשקלון",0
138,"מכבי שלומי",4092.896606309478
136,"מכבי שעריים רחובות",144943.9443523851
138,"מכבי שפרעם",70346.66042094416
138,"מכבי ת""א פלייטיקה",614328.0386970283
104,"מכבי תל אביב",184946.84981982727
120,"מכבי תל אביב",70394.29532649116
121,"מכבי תל אביב",1028230.9180968553
130,"מכבי תל אביב",19589.388677344105
136,"מכבי תל אביב",390233.6963333445
139,"מכבי תל אביב",471067.1793810028
170,"מכבי תל אביב",91778.57042983783
176,"מכבי תל אביב",68869.36961201462
136,"מכבי תל מונד",8362.150635714524
138,"מכבי תל מונד",36895.101619376306
139,"מכבי תל מונד",114493.63351194325
210,"מכבי תל מונד - חופים",0
137,"מכבי תל-אביב",144923.3372214773
210,"מכבי תל-אביב חופים",35551.06739106209
176,"מכבי תמנון פרדסיה",3978.623656486985
121,"מכבי תקותינו בני עייש",9985.149289025436
177,"מכבי-מב""ע-אטיוד רמת גן",67868.64446654439
129,"מכבי-מועדון ספורט יהודה רחובות",5191.099530431621
167,"מכון קארטה פולג",34768.911620264465
121,"מכס הוד השרון",0
98,"מסטרס חיפה מועדון אופניים",49887.3907284628
104,"מעגלים חבל מודיעין",0
125,"מעוז אומנויות לחימה",147932.2488560165
121,"מעוף ראשון - גוש עציון",0
111,"מעופפי הים",7001.132291262617
162,"מעופפי הים (ע""ר)",0
121,"מעופפי חיפה",237003.0656801793
100,"מרכז אומנויות לחימה וספורט עצמה באר שבע",0
100,"מרכז איגרוף אום אל פחם",0
177,"מרכז אל נג'יב לחינוך ע""ר",7227.469331652874
201,"מרכז דאיה גליל עליון",0
201,"מרכז דאיה מגידו",0
201,"מרכז דאיה נגב",10562.057423118942
201,"מרכז דאיה עין שמר",0
148,"מרכז הסיוף ההישגי הרצליה (ע""ר)",0
167,"מרכז הספורט האישי ואמניות הלחימה בת-ים",41499.23381166869
176,"מרכז הספורט רמת אפעל",0
121,"מרכז להתעמלות טוויסט",11187.06540714887
178,"מרכז לחינוך וספורט ימי אילת",292759.0863234286
113,"מרכז לחינוך וספורט רמת השרון",7995.542588706665
130,"מרכז לחינוך וספורט רמת השרון",0
177,"מרכז למצוינות בשחמט",18430.772223040487
148,"מרכז מכבי עמותה לקידום ענף סיוף וסיוף נכים (ע""ר)",38371.452152575366
121,"מרכז סלטו באשקלון",0
175,"מרכז ספורט הרכיבה ברמת גן",0
192,"מרכז ספורט לנכים השפלה",160291.15384615387
193,"מרכז ספורט לנכים השפלה",68.69503367836163
100,"מרכז ספורט עממי באשדוד",11074.068896334245
113,"מרכז צומחים ביחד לתרבות וספורט אכסאל",8475.275144029065
192,"מרכז קהילתי - מתנ""ס מג'ד אלכרום",0
156,"מרכז קהילתי אפרת",65002.38091208279
98,"מרכז קהילתי בקרית ים עש מנדל בע""מ (חל""צ)",0
136,"מרכז קהילתי גולן קצרין",65224.774958573296
109,"מרכז קהילתי הגליל התחתון",35907.08363756736
98,"מרכז קהילתי מתנ""ס אל קסום",0
125,"מרכז קהילתי מתנ""ס מעלה אדומים",0
121,"מרכז קהילתי קרית ביאליק",0
131,"מרכז קהילתי קרית ים",14159.328887668713
163,"מרכז קהילתי רהט",0
167,"מרכז קהילתי רהט - מתנ""ס רהט (ע""ר)",0
192,"מרכז קהילתי רמת הגולן",28545.000000000004
121,"מרכז קהילתי שבשבט בעמ - קרית עקרון",0
100,"מרכז קיהלתי משהד",0
167,"מרכז קראטה שמילוב",0
175,"מרכז רכיבה ויצ""ו נהלל",0
175,"מרכז רכיבה קיבוץ יגור",34782.59810433506
113,"מרכז תרבות נוער וספורט מרחב גבעת שמואל",0
106,"משגב",156919.08380243724
139,"מתנ""ס בנימינה גבעת-עדה",49472.55769034586
139,"מתנ""ס קדימה צורן",38164.54450398109
176,"מתנ""ס רמת הנגב",
177,"מתנ""ס רמת הנגב",0
139,"נבחרות ישראל - בנים",0
210,"נבחרות ישראל חופים",0
109,"נגב דו",0
156,"נגב פוטבול",46223.91531525887
157,"נהריה",1379.8203109003725
169,"ניו סי דימונה",0
146,"ניווט אסא טכניון חיפה",0
146,"ניווט אסא ירושלים",0
146,"ניווט גליל",5557.2157894097645
146,"ניווט הפועל אסא תל אביב",11002.920651764302
146,"ניווט חבל מודיעין",13071.728398912175
146,"ניווט טכניון כרמל",11633.797540446609
146,"ניווט יזרעאל",11021.251215115846
146,"ניווט לב השרון-מנשה-המעפיל",13071.728398912175
146,"ניווט עמק חפר",0
111,"נינג'הס",66948.32753519878
157,"ניר צבי",0
108,"נס ציונה",27714.49734298524
121,"נעורי מכבי אשקלון",0
157,"נתניה",5887.233326508255
125,"סאנג-רוק טאקוונדו",34061.42546073015
121,"סגל אמנותית חדרה",8968.143342920996
104,"סוהו טים",0
176,"סוהו טים שחייה",4307.415499774336
138,"סטלמך פתח תקווה",0
98,"סי. אס. תי. ספורט רמת הגולן",0
111,"סיטי ווייב",105384.54381423056
163,"סייף ואגרוף מכבי נתניה",0
99,"סיכוי לצעירים",4490.597396021536
109,"סיכוי לצעירים חיפה",17311.107389013618
116,"סיכוי לצעירים חיפה",16827.886158270074
100,"סיכוי לצעירים סל""צ חיפה",1963.1899652909703
149,"סיכוי לצעירים סל""צ חיפה",12490.726526498544
176,"סינכרו סנטר תל אביב אומנותית",0
121,"סלטה - עמותה לקידום התעמלות ואקרובטיקה בעפולה",0
149,"סמוראי דו- עוצמה ראשל""צ",63766.740874516516
210,"סנדבוקס כדורעף חופים תל אביב",0
121,"סנונית",86075.68507483964
176,"סנפירי השרון",0
112,"ספורט לנשמה",0
167,"ספורטאי המחר הזורח - בועיינה נוג'ידאת",0
121,"ספורטאי המחר ירושלים",0
121,"ספורטאי המחר פת - ARG PETAH TIKVA",0
129,"ספורטאי מודיעין עיר העתיד",29212.49397044504
100,"ספורטאי מכבי אשדוד",15071.218024596901
109,"ספורטאי מכבי אשדוד",0
129,"ספורטאי מכבי אשדוד",3081.1687535465103
167,"ספורטאי מכבי אשדוד",15115.380808118227
178,"ספורטאי מכבי אשדוד",92521.39123023179
148,"ספורטאי מכבי אשדוד (ע""ר)",0
148,"ספורטיב - לי (ע""ר)",0
176,"ספורטן פתח תקוה",0
149,"ספורטק עוצמה חולון",0
125,"ספרטה אומנויות לחימה",62352.009917224204
154,"סקווש בונד",11668.098597167056
136,"סקציה נס ציונה",181179.93044048134
111,"סרף זן",7876.273827670445
111,"סרף קלאב מכבי תל אביב",112910.76102733788
138,"ע.ל.ה אור יהודה",116834.4884613583
125,"ע.ל.ה אריאל",0
129,"ע.ל.ה העמותה לקידום הספורט ברעננה",96045.38860239873
138,"ע.ל.ה הרי ירושלים",44274.121943251565
138,"ע.ל.ה יהוד",107143.37510266878
121,"ע.ל.ה מזכרת בתיה",73409.33829153886
176,"ע.ל.ה עצמה רעננה",2403.331041228179
104,"ע.ל.ה רעננה",4593.432184835645
105,"ע.ל.ה רעננה",0
121,"ע.ל.ה רעננה",23760.95710444016
121,"ע.ל.ה שפיר",0
154,"ע.ל.ה. העמותה לקידום הספורט ברעננה (ע""ר)",11668.098597167056
176,"ע.ל.ה. מזכרת בתיה",141685.45310702763
193,"ע.ל.ה. רעננה",5984.711334058865
109,"ע.ל.ס גבעתיים",4882.6200327987135
129,"ע.ס. - כפר סירקין - עמותת ספורט כפר סירקין",0
101,"עברון אמנויות לחימה",0
192,"עדי נגב - נחלת ערן",0
136,"עוצמה באר שבע",32110.658441143773
138,"עוצמה יבנה",0
149,"עוצמה כפר סבא",0
149,"עוצמה לפיד ראשון לציון",0
136,"עוצמה מועדון כדורגל ""הרצל"" חולון",75259.35572143071
109,"עוצמת יפרח",28621.03088316919
109,"עידן הספורט",0
138,"עירוני אעבלין",254871.36198665152
136,"עירוני באר יעקב",89196.2734476216
136,"עירוני בית דגן",30661.218997619922
136,"עירוני בית שמש",97000.94737428849
136,"עירוני בני כאבול",0
136,"עירוני בני שעב",0
130,"עירוני גבעתיים",20279.272751543205
139,"עירוני חריש",396546.10824892705
136,"עירוני טבריה",342848.1760642955
130,"עירוני טנ''ש ראש העין",0
177,"עירוני כרמיאל",159.83991921249256
105,"עירוני מודיעין",24203.230682529844
113,"עירוני מודיעין",15258.160440115218
130,"עירוני מודיעין",0
136,"עירוני מודיעין",224440.12306257786
139,"עירוני מודיעין",106012.62362216967
210,"עירוני מודיעין - חופים",0
130,"עירוני מעלות תרשיחא",1741.3053350489226
139,"עירוני מתנ""ס קרית גת",30625.869046404576
136,"עירוני נשר",136581.79371667057
121,"עירוני נתניה",
138,"עירוני ק. אונו יורם",122983.67206458766
136,"עירוני ראש העין",32110.658441143773
138,"עירוני ראש העין",250050.40204171964
139,"עירוני ראש העין",28505.616573961182
137,"עירוני רחובות",115887.46011738625
139,"עלה אור יהודה",44289.718313262
109,"עלה מזכרת בתיה",0
177,"עלה מכבי אריאל",0
104,"עמ. הצבי",0
109,"עמ.לק. הספורט אשכול",0
199,"עמותה ישראלית לכדורת דשא לעיוורים",
167,"עמותה לאומנויות לחימה וספורט אתגרי - מג'ד אלכרום",0
129,"עמותה למצוינות טניס מגרש באשדוד",25114.874437875307
167,"עמותה למצוינות קארטה קיוקושין",0
100,"עמותה לפיתוח ספורטאים בישראל",63456.38058704191
129,"עמותה לקידום הטניס ברמלה",76613.93087622823
113,"עמותה לקידום הכדורסל ביבנה",0
148,"עמותה לקידום הסיוף בבאר שבע (ע""ר)",32303.843950138864
121,"עמותה לקידום הספורט באלפי מנשה",0
100,"עמותה לקידום הספורט באשקלון",0
148,"עמותה לקידום הספורט באשקלון (ע""ר)",0
129,"עמותה לקידום הספורט בחבל לכיש",0
167,"עמותה לקידום הספורט במזכרת בתיה",0
129,"עמותה לקידום הספורט בנצרת עלית נוף הגליל",0
163,"עמותה לקידום הספורט ההישגי אסד טים",0
163,"עמותה לקידום הספורט ההישגי במעלות תרשיחא",0
139,"עמותה לקידום הספורט הצ'רקסי בישראל",19789.023076138343
100,"עמותה לקידום ילדים לאליפויות בספורט ביקנעם",0
149,"עמותה לקידום ספורט בערד",0
148,"עמותה לקידום ספורט הסיוף בתל אביב ובמרכז (ע""ר)",106628.2149437434
170,"עמותה לקידום ספורט הקשתות בשרון",0
149,"עמותה לקידום ענפי ספורט אולימפיים לוד והסביבה",4392.454356529398
167,"עמותה לקידום קראטה קיוקושין בישראל (ע""ר)",0
101,"עמותה לקידום קרב מגע ראשון לציון",53678.59213786463
129,"עמותה ספורטיבית הכח חיפה (ע""ר)",18033.209949425203
148,"עמותה עירונית לקידום הספורט באזור מגידו (ע""ר)",27968.014526378123
100,"עמותה עירונית מעלות תרשיחא לספורט הישגי",9349.921554320359
150,"עמותה עירונית מעלות תרשיחא לספורט הישגי",0
167,"עמותה עירונית מעלות תרשיחא לספורט הישגי",0
148,"עמותה עירונית מעלות תרשיחא לספורט הישגי (ע""ר)",129891.57797133469
101,"עמותה עירונית מעלות תרשיחאלספורט הישגי",0
167,"עמותה קראטה דו מונין וספורט בכפר כאבול והסביבה",0
145,"עמותת ""אשבאל"" לקידום ספורט תחרותי במגאר",0
100,"עמותת איגרוף האריות מג'ד אל כרום",4246.151860842952
172,"עמותת אשבל",173335.2218696716
140,"עמותת ב. 300 חולון",7067.58506773959
140,"עמותת ב. אמר. רמת גן",0
140,"עמותת ב. אשדוד 2006",0
140,"עמותת ב. באר שבע",0
140,"עמותת ב. הרצליה",5935.976406777803
140,"עמותת ב. חוצות 2000",7067.58506773959
140,"עמותת ב. נגב",1140.7902540713044
140,"עמותת ב. רחובות",1256.8028222819453
139,"עמותת בנות מג'ד אל כרום",21202.524724433937
131,"עמותת בני הרצליה",0
129,"עמותת דור העתיד לטניס רמת השרון",8193.564516903845
129,"עמותת האקדמיה לטניס כפיר ונמרוד",0
110,"עמותת הגולף המקצועני",0
112,"עמותת הגרפלינג ( היאבקות למטרת הכנעה)",107086.6698223922
113,"עמותת הורי מחליקי חולון",16327.564261354737
140,"עמותת הכ. הרץ ראשל""צ",0
150,"עמותת הכוכבים הצעירים",0
129,"עמותת הספורט בעמק הירדן",5655.619210993471
129,"עמותת הספורט כחול לבן - בעמק יזרעאל",0
148,"עמותת הספורט כחול לבן - בעמק יזרעאל (ע""ר)",6625.862196938386
139,"עמותת הספורט מ.כ. הפועל גלבוע",
104,"עמותת הפועל חיפה הר-כרמל",3476.1108425783254
163,"עמותת הפועל כפר מנדא",0
129,"עמותת הפועל רמת אליהו ראשל""צ",15563.251301881126
98,"עמותת השלום לקידום הספורט חורה",0
109,"עמותת השלום לקידום הספורט חורה",0
129,"עמותת חברי הטניס אילת",0
129,"עמותת טניס קלאב עמק חפר",19163.5300084708
100,"עמותת יניב לקידום החינוך והספורט",5700.852035391002
140,"עמותת כד. כרמיאל",0
140,"עמותת כד. ראשונים",0
140,"עמותת כדורת חיפה",0
140,"עמותת כדורת עפולה",0
163,"עמותת כפפות הזהב לאומנות לחימה - סח'נין",10858.420647184477
163,"עמותת לב הארי לספורט ומצויינות",43674.980825342005
142,"עמותת לקרוס באר שבע",0
142,"עמותת לקרוס הרצליה",0
142,"עמותת לקרוס נתניה",0
140,"עמותת מודיעין",2668.2890688447455
178,"עמותת מועדון השייט מכמורת עמק חפר",384757.99119651783
129,"עמותת מועדון טניס עפולה",11983.06717411893
121,"עמותת מכבי לקידום הספורט ביבנה",5639.760246579182
148,"עמותת מכבי לקידום ופיתוח סייף בירושלים והסביבה (ע""ר)",20952.906327785535
163,"עמותת נאדי אלאבדאע",0
148,"עמותת סייף ראשון לציון (ע""ר)",0
121,"עמותת סלמה לאמנויות הריקוד",0
163,"עמותת סמוראי דו",0
113,"עמותת סנד - חונכות והתנדבות",0
129,"עמותת ספורט במידה טובה",22015.62056338407
148,"עמותת ספורט הישגי ועממי בראשון לציון (ע""ר)",0
98,"עמותת ספורט חוף הכרמל",0
148,"עמותת ספורט חריש וסביבותיה (ע''ר)",33651.8231075946
98,"עמותת ספורט כ""וח תל אביב",2397.70419872709
98,"עמותת ספורט כחול לבן",0
108,"עמותת ספורט למקומות עבודה -מחוז אשקלון",0
170,"עמותת ספורט מצפה רמון",0
163,"עמותת ספורט מתנס בנימין",0
112,"עמותת ספורט סביון",0
167,"עמותת ספורטאי שוגון קראטה מודיעין",11197.756963581387
109,"עמותת פיסגה + מרכז",113957.39240186574
109,"עמותת פיסגה תל אביב",0
129,"עמותת פרדי קריבין להזדמנות שווה לילדים יהודים וערבים בספורט בכלל ובטניס בפרט",4018.915765495449
163,"עמותת פרימה לבראות",0
139,"עמותת קוני אנתי",0
160,"עמותת קוסל לחינוך גופני, לתרבות הפנאי ולקידום הבריאות ליד האוניברסיטה העברית בירושלים",29129.885648233514
129,"עמותת קוסל לחינוך גופני, לתרבות הפנאי ולקידום הבריאות ליד האוניברסיטה העברית בירושלים (ע""ר)",15440.674371033514
148,"עמותת קוסל לחינוך גופני, לתרבות הפנאי ולקידום הבריאות ליד האוניברסיטה העברית בירושלים (ע""ר)",0
163,"עמותת קיק בוקס ירכא",42805.59747287136
167,"עמותת קיק בוקס סחנין",0
163,"עמותת קיקבוקס וספורט תחרותי כפר יאסיף",132492.2486647877
167,"עמותת קראטה קוניבה קאי ע''ש דייוי ברנשטיין",0
130,"עמותת קריית מוצקין",0
163,"עמותת רוני סקה מצוינות בספורט",0
168,"עמותת שוטוקאן קראטה ישראל",0
167,"עמותת תנועת הנוער הדרוזי בישראל",0
150,"עמותת תראו אותנו",0
167,"עמותת סושין (הכח השקט) לקראטה וספורט נצרת",0
156,"עמק חפר גארדיינס",0
109,"עצ. מרכז אשדוד",0
109,"עצ. ניפון רעות",13153.48245199411
109,"עצ. רעננה",11836.654624966577
109,"עצמה אולימפי",0
100,"עצמה אתלט ראשון לציון",2883.189535140277
125,"עצמה בועז אומנויות לחימה",51543.56262463793
116,"עצמה בת ים",64448.14748927027
101,"עצמה ג'ודוקאן האתלט ראשל''צ",53678.59213786463
109,"עצמה האתלט ראשלצ",127353.52627367165
116,"עצמה חולון",0
116,"עצמה חיפה",0
138,"עצמה כפר ורדים",38370.90568415135
109,"עצמה כפר סבא",57407.7749310879
138,"עצמה מודיעין",335745.42473632435
177,"עצמה מעלות-תרשיחא",12387.593738968171
109,"עצמה מרכז פתח תקווה",62068.457689668496
109,"עצמה תל אביב",0
108,"ערד",0
157,"ערד",0
116,"ערוני נתניה",
163,"פאגסוס - אומנויות לחימה",0
99,"פאגסוס-אומנויות לחימה",938.3337842433061
163,"פאוור קלאב עמותה לקידום הספורט בסח'נין",21610.38618998479
101,"פגסוס איגרוף תאילנדי",53678.59213786463
156,"פוטבול אמריקאי רמת השרון",101114.81475212879
156,"פיונירס תאקל פוטבול",57779.89414407359
109,"פייטינג ספיריט",39546.263102013334
109,"פיסגת הג'ודו הפועל רמת החייל",0
158,"פיתוח הגוף",0
177,"פקיעין",0
157,"פרדסיה",0
177,"פרשי הגולן",0
156,"פתח תקוה טרופרס",57779.89414407359
150,"צא במחול",12247.357297320577
130,"צומחים יחד אכסאל",0
120,"צעד לפני כולם",51800.82281057753
177,"צעד לפני כולם",568.6612510444446
136,"צעירות טורעאן",0
136,"צעירות שעב",338667.10074643826
136,"צעירי אום אל פאחם",123759.82940857497
177,"צעירי ב""ס חטיב אלמג'ד טייבה",0
136,"צעירי סכנין",138878.59775794682
157,"ק. ביאליק",7980.874645082813
121,"ק. הספורט שער הנגב",16179.640051661587
210,"ק. ק. תל-אביב חופים",0
167,"ק.ס.ק. ישראל",29700.397377355115
139,"ק.ק. תל אביב",111902.21382340134
108,"קאונטרי רעננה",10893.681867432844
170,"קאי קשתות אינסטינקטיבית",0
130,"קאנטרי ג' תל אביב",0
176,"קאנטרי כפר ורדים",0
150,"קאסה דאנס - העמותה לפיתוח ריקודים סלוניים בצפון",21432.875270311015
149,"קודוקאן ישראל מרכז",34064.24085460213
99,"קודוקאן-ישראל-מרכז לקידום תרבות הפנאי וספורט בישראל",11348.476882005467
111,"קונטיקי",76574.88443568489
162,"קיאקים זבולון ת""א",0
116,"קידום האבקות רחובות",64448.14748927027
104,"קידום הספורט אתלטי זהב ירושלים רבתי",0
125,"קידום הספורט בגבעתיים",0
121,"קידום הספורט גבעתיים",12111.616267243817
121,"קידום הספורט לוד",0
121,"קידום התעמלות אומנותית באשקלון - IK",11002.15523512988
129,"קידום ספורטאי עלית בכפר מעש",0
100,"קינג או דרינג",0
163,"קיק-בוקסינג לחימה וספורט טייבה",132492.2486647877
163,"קיקבוקס הנמר השחור",0
101,"קיקבוקס כנא",0
163,"קיקבוקס כנא",0
128,"קיר יואב",0
127,"קלוב התעופה חדרה",0
127,"קלוב התעופה לישראל טיסנאות",0
127,"קלוב התעופה- מסד פתח תקווה",15154.330670881049
164,"קלעי חיפה",59804.52337052131
164,"קלעי מכבי רעננה",63644.17973471375
108,"קריות",0
156,"קרית אונו",75113.86238729565
170,"קשתי מכבי אורנית",0
170,"קשתי מכבי ירושלים",82118.00424826264
170,"קשתי מכבי ראשון",91778.57042983783
100,"ראונד שדרות",0
109,"ראק גודו - רמות מנשה",0
125,"ראשונים ברוח ספורטיבית",24683.148851604485
167,"ראשונים ברוח ספורטיבית",0
157,"ראשל""צ",7980.874645082813
111,"רואים את האופק בים",3500.5661456313087
164,"רובאי ישראל",0
112,"רוח של אלופים",107086.6698223922
98,"רוכבי הצפון",19907.50698724189
148,"רומח אבירים - סיוף עכו (ע""ר)",56792.81277480576
128,"רוקיז",
157,"רחובות",0
147,"רחובות - קבוצת סופטבול",126709.55100022422
175,"רטורנו 360",0
104,"רינבוקאן",0
163,"רינבוקאן לקראטה וספורט נצרת (ע""ר)",0
167,"רינבוקאן לקראטה וספורט נצרת",43668.06997253412
111,"ריף",0
108,"רמת השרון",27714.49734298524
106,"רעננה",65247.0202920737
147,"רעננה סופטבול",199115.00871463807
169,"רעננה קריקט",0
156,"רעננה ראפטורס",26000.952364833116
104,"רצי אליצור פתח תקווה",0
175,"שביט הורסמנשיפ",0
167,"שוטוקאן קרטה-דו בישראל, 1970 - מסטר פונקושי",0
167,"שוטוקאן- ריו - ישראל - עמותה לקידום אמנויות הלחימה",0
177,"שחמט בשמיר",0
177,"שחמט לכל",9836.302720768772
178,"שחפית זבולון חיפה",0
210,"שטקליס נתניה - חופים",0
178,"שייט חיפה",152175.30229344865
178,"שייט נחשולים",0
136,"שיכון ותיקים רמת גן",82395.05759724046
167,"שינדוקאן טייגר לקידום ספורט הישגי",33342.23181767366
136,"שמשון בני טייבה",179016.92080937655
136,"שמשון כפר קאסם",0
136,"שמשון פזטל תל אביב",256439.28616191208
104,"שער הנגב",0
125,"שרעבי אומנויות לחימה",181729.68341993805
193,"שרעבי אומנויות לחימה",64298.55152294648
157,"ת""א",6301.179419778369
106,"תל אביב",39148.21217524422
101,"תניני העמק אגרוף תאילנדי",0
131,"תקוות לשיקום באמצעות הספורט",0
172,"״מכבי חיפה כרמל״ - עמותה רשומה",112346.90306367604
